"title","authors","date","status","asin"
"お兄ちゃんはおしまい！ (REXコミックス)","ねことうふ","2026年5月29日","READ","B07DXHPJFV"
"神客万来！　６巻 (ラバココミックス)","ねむようこ","2026年5月27日","UNKNOWN","B0CNCMSBMS"
"神客万来！　１巻 (ラバココミックス)","ねむようこ","2026年5月27日","UNKNOWN","B087M7WZV9"
"神客万来！　４巻 (ラバココミックス)","ねむようこ","2026年5月27日","UNKNOWN","B0B3MRRNXB"
"神客万来！　２巻 (ラバココミックス)","ねむようこ","2026年5月27日","UNKNOWN","B08RD8ZGSL"
"神客万来！　５巻 (ラバココミックス)","ねむようこ","2026年5月27日","UNKNOWN","B0BT1RR4TG"
"神客万来！　３巻 (ラバココミックス)","ねむようこ","2026年5月27日","UNKNOWN","B09DG3MZFN"
"茶柱倶楽部　2巻 (芳文社コミックス)","青木幸子","2026年5月27日","UNKNOWN","B00JUCH6QK"
"茶柱倶楽部　8巻 (芳文社コミックス)","青木幸子","2026年5月27日","UNKNOWN","B019MSZTG0"
"茶柱倶楽部　3巻 (芳文社コミックス)","青木幸子","2026年5月27日","UNKNOWN","B00UT7STD4"
"茶柱倶楽部　7巻 (芳文社コミックス)","青木幸子","2026年5月27日","UNKNOWN","B00WQS5EOG"
"茶柱倶楽部　6巻 (芳文社コミックス)","青木幸子","2026年5月27日","UNKNOWN","B00WQS5DWE"
"茶柱倶楽部　5巻 (芳文社コミックス)","青木幸子","2026年5月27日","UNKNOWN","B00WQS5DUQ"
"茶柱倶楽部　1巻 (芳文社コミックス)","青木幸子","2026年5月27日","UNKNOWN","B00JUCH6J2"
"茶柱倶楽部　4巻 (芳文社コミックス)","青木幸子","2026年5月27日","UNKNOWN","B00UT7ST7K"
"JK漱石　2 (ＢＲＩＤＧＥ　ＣＯＭＩＣＳ)","香日ゆら","2026年5月26日","READ","B0CLRN9MPC"
"JK漱石　1 (ＢＲＩＤＧＥ　ＣＯＭＩＣＳ)","香日ゆら","2026年5月26日","READ","B0BN73Q14Y"
"JK漱石　3 (ＢＲＩＤＧＥ　ＣＯＭＩＣＳ)","香日ゆら","2026年5月26日","READ","B0DTP9VMVH"
"ダンジョンの中のひと ： 4 (webアクションコミックス)","双見酔","2026年5月25日","READ","B0C9H8KLVX"
"ダンジョンの中のひと ： 5 (webアクションコミックス)","双見酔","2026年5月25日","READ","B0D2R92HJ7"
"ダンジョンの中のひと ： 6 (webアクションコミックス)","双見酔","2026年5月25日","READ","B0F2H27D3V"
"ダンジョンの中のひと ： 7 (webアクションコミックス)","双見酔","2026年5月25日","UNKNOWN","B0DKB6FC34"
"てーきゅう　15 (アース・スターコミックス)","ルーツ, Piyo","2026年5月22日","UNKNOWN","B079L4LDVS"
"てーきゅう　13 (アース・スターコミックス)","ルーツ, Piyo","2026年5月22日","UNKNOWN","B06Y53M584"
"てーきゅう　5 (アース・スターコミックス)","ルーツ, Piyo","2026年5月22日","UNKNOWN","B00I4FF6ZC"
"てーきゅう　12 (アース・スターコミックス)","ルーツ, Piyo","2026年5月22日","UNKNOWN","B01M9A5QVS"
"てーきゅう　14 (アース・スターコミックス)","ルーツ, Piyo","2026年5月22日","UNKNOWN","B074J7KR7B"
"てーきゅう　8 (アース・スターコミックス)","ルーツ, Piyo","2026年5月22日","UNKNOWN","B00OAZPDNK"
"てーきゅう　1 (アース・スターコミックス)","ルーツ, Piyo","2026年5月22日","UNKNOWN","B00CEW10AQ"
"てーきゅう　7 (アース・スターコミックス)","ルーツ, Piyo","2026年5月22日","UNKNOWN","B00I4FF6UM"
"てーきゅう　2 (アース・スターコミックス)","ルーツ, Piyo","2026年5月22日","UNKNOWN","B00CEW10C4"
"てーきゅう　10 (アース・スターコミックス)","ルーツ, Piyo","2026年5月22日","UNKNOWN","B016Q6KEKW"
"てーきゅう　11 (アース・スターコミックス)","ルーツ, Piyo","2026年5月22日","UNKNOWN","B01EJ9S0O0"
"てーきゅう　4 (アース・スターコミックス)","ルーツ, Piyo","2026年5月22日","UNKNOWN","B00I4FF7E2"
"てーきゅう　9 (アース・スターコミックス)","ルーツ, Piyo","2026年5月22日","UNKNOWN","B01119CKLK"
"てーきゅう　6 (アース・スターコミックス)","ルーツ, Piyo","2026年5月22日","UNKNOWN","B00I4FFABC"
"てーきゅう　3 (アース・スターコミックス)","ルーツ, Piyo","2026年5月22日","UNKNOWN","B00CEW10B0"
"ダンジョンの中のひと ： 3 (webアクションコミックス)","双見酔","2026年5月22日","READ","B0BH4456GX"
"ダンジョンの中のひと ： 2 (webアクションコミックス)","双見酔","2026年5月22日","READ","B09D41QK9G"
"ダンジョンの中のひと ： 1 (webアクションコミックス)","双見酔","2026年5月22日","READ","B08QMQM436"
"石神戦記 ： 2 (アクションコミックス)","古日向いろは","2026年5月22日","READ","B0CM92SS3C"
"石神戦記 ： 1 (アクションコミックス)","古日向いろは","2026年5月22日","READ","B0C3QQQC2R"
"魔力枯れのダークエルフ（１） (ヤングマガジンコミックス)","板橋大祐","2026年5月21日","UNKNOWN","B0GZ6SVZC8"
"上伊那ぼたん、酔へる姿は百合の花　8 (ヤングチャンピオン・コミックス)","塀","2026年5月20日","READ","B0GR4M84BF"
"女装男子はスカートを脱ぎたい！ 5 (ヤングジャンプコミックスDIGITAL)","しなぎれ","2026年5月19日","READ","B0FLCJS33J"
"オーバーヒール　ヒーラーかと思ったら狂戦士だった件(2) (comipo comics)","莉瑪nis","2026年5月17日","READ","B0GYRXSQNT"
"オーバーヒール　ヒーラーかと思ったら狂戦士だった件(1) (comipo comics)","莉瑪nis","2026年5月17日","READ","B0GYRZ7YRC"
"女子高校生の日常 1巻 (デジタル版ガンガンコミックスONLINE)","山内泰延","2026年5月16日","READ","B0GTQVQ2S6"
"ヤングガンボーダーズ　session2 YOUNG GUN BOARDERS","MUSASHI","2026年5月16日","READ","B0GXGCXL7J"
"ヤングガンボーダーズ　session3 YOUNG GUN BOARDERS","MUSASHI","2026年5月16日","READ","B0GYLV12FC"
"ヤングガンボーダーズ　session1 YOUNG GUN BOARDERS","MUSASHI","2026年5月16日","READ","B0GH95W87X"
"ヤングガンボーダーズ　session5 YOUNG GUN BOARDERS","MUSASHI","2026年5月16日","UNKNOWN","B0GX2WDRKZ"
"ヤングガンボーダーズ　session4 YOUNG GUN BOARDERS","MUSASHI","2026年5月16日","READ","B0GZR6JKJJ"
"ゆるコワ！ 無敵のJKが心霊スポットに凸しまくる (1) (バンブーコミックス)","谷尾銀, みかんばこ","2026年5月15日","UNKNOWN","B0FHH5RBBP"
"だって大好きなんだもん Vol.6 君には私がいないとダメなんだよ","tunyaoisi","2026年5月10日","READ","B0GYR6CLVP"
"だって大好きなんだもん Vol.1 私のこと、そういう目で見ていいよ","tunyaoisi","2026年5月10日","READ","B0FTV6YCMY"
"だって大好きなんだもん Vol.3 めんどくさくて、ごめんね？","tunyaoisi","2026年5月10日","READ","B0FTYCQXSF"
"だって大好きなんだもん Vol.2 俺くんが私をそうさせるんだよ","tunyaoisi","2026年5月10日","READ","B0FTV71Z4C"
"だって大好きなんだもん Vol.4 私で興奮しちゃうんだもんね？","tunyaoisi","2026年5月10日","READ","B0FTTN88WH"
"だって大好きなんだもん Vol.5 私が最後の女になるからね","tunyaoisi","2026年5月10日","READ","B0GYR9JQ79"
"ＧＵＲＵ（２） (マガジンポケットコミックス)","陣ノ内康暉","2026年5月10日","UNKNOWN","B0GXTNH4YV"
"刃牙らへん　2 (少年チャンピオン・コミックス)","板垣恵介","2026年5月2日","READ","B0D6YKCNT9"
"刃牙らへん　1 (少年チャンピオン・コミックス)","板垣恵介","2026年5月2日","READ","B0CVRLTQ6V"
"刃牙らへん　4 (少年チャンピオン・コミックス)","板垣恵介","2026年5月2日","READ","B0DXK554G4"
"刃牙らへん　6 (少年チャンピオン・コミックス)","板垣恵介","2026年5月2日","UNKNOWN","B0G51732WB"
"刃牙らへん　3 (少年チャンピオン・コミックス)","板垣恵介","2026年5月2日","READ","B0DK6YLH8Z"
"刃牙らへん　5 (少年チャンピオン・コミックス)","板垣恵介","2026年5月2日","READ","B0FH1T2GVB"
"呪術廻戦≡（モジュロ） 1 (ジャンプコミックスDIGITAL)","芥見下々, 岩崎優次","2026年5月2日","READ","B0G4VCK3FF"
"呪術廻戦≡（モジュロ） 3 (ジャンプコミックスDIGITAL)","芥見下々, 岩崎優次","2026年5月2日","UNKNOWN","B0G38G6N1V"
"呪術廻戦≡（モジュロ） 2 (ジャンプコミックスDIGITAL)","芥見下々, 岩崎優次","2026年5月2日","READ","B0GKHWZNYD"
"魔女とくゅらす(2) (ヒーローズコミックス わいるど)","柴田康平","2026年4月30日","READ","B0GXYMSBXB"
"やめろ好きになってしまう 3 (ヤングジャンプコミックスDIGITAL)","もりぐちあきら","2026年4月25日","UNKNOWN","B0GR3FSX11"
"今日はもう上がります 2巻 (ヤングキングコミックス)","オクショウ, 吐兎モノロブ","2026年4月24日","READ","B0GRFLZP12"
"となりに並んで (百合コレ)","さんけ","2026年4月23日","READ","B0GJ17N5R4"
"杖と剣のウィストリア（１５） (週刊少年マガジンコミックス)","大森藤ノ, 青井聖","2026年4月22日","READ","B0GV3LRGHQ"
"小林さんちのメイドラゴン ： 19 (アクションコミックス)","クール教信者","2026年4月22日","READ","B0GQHCPTX4"
"ブルーロック（３８） (週刊少年マガジンコミックス)","金城宗幸, ノ村優介","2026年4月22日","UNKNOWN","B0GSJGY53B"
"姉のともだち 4 (ヤングジャンプコミックスDIGITAL)","高瀬わか","2026年4月22日","READ","B0GR4Q5PMB"
"ダンダダン 23 (ジャンプコミックスDIGITAL)","龍幸伸","2026年4月22日","UNKNOWN","B0GR3FSX1K"
"魔法使いの嫁 24 (ブシロードコミックス)","ヤマザキコレ","2026年4月22日","UNKNOWN","B0FPFRSXVL"
"不良少女は蓋をされる【連載版】 1","仲紙","2026年4月21日","READ","B0BJD7YDJG"
"のあ先輩はともだち。 10 (ヤングジャンプコミックスDIGITAL)","あきやまえんま","2026年4月21日","READ","B0GR3BRRCJ"
"シャングリラ・フロンティア（２６）　～クソゲーハンター、神ゲーに挑まんとす～ (週刊少年マガジンコミックス)","硬梨菜, 不二涼介","2026年4月16日","UNKNOWN","B0DSCBP6T1"
"あたしメリーさん。いま異世界にいるの……。【電子限定ペーパー付き 】 (1) (バンブーコミックス 異世界BC)","佐保, 佐崎一路","2026年4月14日","READ","B0BR5ZP21V"
"のみじょし（５） (バンブーコミックス 4コマセレクション)","迂闊","2026年4月12日","UNKNOWN","B07K79V1TF"
"のみじょし（４） (バンブーコミックス 4コマセレクション)","迂闊","2026年4月12日","UNKNOWN","B076V37NB8"
"のみじょし（３） (バンブーコミックス 4コマセレクション)","迂闊","2026年4月12日","UNKNOWN","B01MRXYWXL"
"のみじょし（２） (バンブーコミックス 4コマセレクション)","迂闊","2026年4月12日","UNKNOWN","B01CK26VQC"
"のみじょし（１） (バンブーコミックス 4コマセレクション)","迂闊","2026年4月12日","UNKNOWN","B010PJKGDQ"
"魔法使いの嫁 10 (ブシロードコミックス)","ヤマザキコレ","2026年4月7日","READ","B0CVLCHYH4"
"魔法使いの嫁 21 (ブシロードコミックス)","ヤマザキコレ","2026年4月7日","READ","B0DFCD25LG"
"魔法使いの嫁 20 (ブシロードコミックス)","ヤマザキコレ","2026年4月7日","READ","B0CTHQKBN6"
"魔法使いの嫁 22 (ブシロードコミックス)","ヤマザキコレ","2026年4月7日","READ","B0DW2Z1TT6"
"魔法使いの嫁 5 (ブシロードコミックス)","ヤマザキコレ","2026年4月7日","READ","B0CVLCLWQC"
"魔法使いの嫁 7 (ブシロードコミックス)","ヤマザキコレ","2026年4月7日","READ","B0CVKZYS1T"
"魔法使いの嫁 6 (ブシロードコミックス)","ヤマザキコレ","2026年4月7日","READ","B0CVLFB574"
"魔法使いの嫁 18 (ブシロードコミックス)","ヤマザキコレ","2026年4月7日","READ","B0CVL9223G"
"魔法使いの嫁 3 (ブシロードコミックス)","ヤマザキコレ","2026年4月7日","READ","B0CVLF6FDB"
"魔法使いの嫁 11 (ブシロードコミックス)","ヤマザキコレ","2026年4月7日","READ","B0CVLGQB8B"
"魔法使いの嫁 2 (ブシロードコミックス)","ヤマザキコレ","2026年4月7日","READ","B0CVL98CFR"
"魔法使いの嫁 9 (ブシロードコミックス)","ヤマザキコレ","2026年4月7日","READ","B0CVL7BC78"
"魔法使いの嫁 17 (ブシロードコミックス)","ヤマザキコレ","2026年4月7日","READ","B0CVL4S4KK"
"魔法使いの嫁 1 (ブシロードコミックス)","ヤマザキコレ","2026年4月7日","READ","B0CVL3R7DW"
"魔法使いの嫁 15 (ブシロードコミックス)","ヤマザキコレ","2026年4月7日","READ","B0CVLBQY6F"
"魔法使いの嫁 23 (ブシロードコミックス)","ヤマザキコレ","2026年4月7日","READ","B0FKLYG4Z4"
"魔法使いの嫁 8 (ブシロードコミックス)","ヤマザキコレ","2026年4月7日","READ","B0CVL83N4R"
"魔法使いの嫁 12 (ブシロードコミックス)","ヤマザキコレ","2026年4月7日","READ","B0CVL5V1P4"
"魔法使いの嫁 4 (ブシロードコミックス)","ヤマザキコレ","2026年4月7日","READ","B0CVKZYS1S"
"魔法使いの嫁 13 (ブシロードコミックス)","ヤマザキコレ","2026年4月7日","READ","B0CVL7T94K"
"魔法使いの嫁 14 (ブシロードコミックス)","ヤマザキコレ","2026年4月7日","READ","B0CVKMKPR7"
"魔法使いの嫁 16 (ブシロードコミックス)","ヤマザキコレ","2026年4月7日","READ","B0CVLBT3Y8"
"魔法使いの嫁 19 (ブシロードコミックス)","ヤマザキコレ","2026年4月7日","READ","B0CVLGWKNC"
"女装男子はスカートを脱ぎたい！ 3 (ヤングジャンプコミックスDIGITAL)","しなぎれ","2026年4月4日","READ","B0FKRR1BKJ"
"女装男子はスカートを脱ぎたい！ 4 (ヤングジャンプコミックスDIGITAL)","しなぎれ","2026年4月4日","UNKNOWN","B0G4V78J55"
"女装男子はスカートを脱ぎたい！ 2 (ヤングジャンプコミックスDIGITAL)","しなぎれ","2026年4月4日","READ","B0DPF2LM3G"
"女装男子はスカートを脱ぎたい！ 1 (ヤングジャンプコミックスDIGITAL)","しなぎれ","2026年4月4日","READ","B0D59QDVBR"
"独習C# 第5版","山田 祥寛","2026年3月31日","UNKNOWN","B0B49L15JV"
"独習ASP.NET Core","山田 祥寛","2026年3月31日","READ","B0CTHQXNJL"
"りあクト！ TypeScriptで始めるつらくないReact開発 第5版【② React基礎編】: React のコンポーネントと Hooks","大岡由佳","2026年3月30日","READ","B0FJ1YFLVS"
"りあクト！ TypeScriptで始めるつらくないReact開発 第5版【① 言語・環境編】: React 開発に必要な JS・TS の知識","大岡由佳","2026年3月30日","READ","B0FJ1F861J"
"りあクト！ TypeScriptで始めるつらくないReact開発 第5版【③ React実践編】: React の応用と Next.js &amp; React Router","大岡由佳","2026年3月30日","UNKNOWN","B0CW18PTSW"
"即オチ魔法少女セイ 1巻 (ブレイドコミックス ピクシブシリーズ)","こと子","2026年3月28日","READ","B0GP9KSVCX"
"冒険者絶対殺すダンジョン 1 (MFC)","道満 晴明","2026年3月28日","READ","B0CRT1Z3RW"
"冒険者絶対殺すダンジョン 2 (MFC)","道満 晴明","2026年3月28日","READ","B0DZGBP4TN"
"冒険者絶対殺すダンジョン 3 (MFC)","道満 晴明","2026年3月28日","UNKNOWN","B0GRSW6XZ8"
"魔女大戦 32人の異才の魔女は殺し合う 15巻【特典イラスト付き】 (ゼノンコミックス)","河本ほむら, 塩塚誠","2026年3月28日","READ","B0GHZNQN29"
"クマとウサギは友達ではいられない 3巻 (デジタル版ガンガンコミックスpixiv)","犬好晶","2026年3月28日","READ","B0GK5WGVPW"
"氷菓　（１７） (角川コミックス・エース)","タスクオーナ","2026年3月26日","UNKNOWN","B0GS3NTD6R"
"おさななななじみ 2 (ヤングジャンプコミックスDIGITAL)","雪森寧々","2026年3月25日","UNKNOWN","B0GJ7K95ND"
"尾守つみきと奇日常。（９） (少年サンデーコミックス)","森下みゆ","2026年3月25日","UNKNOWN","B0GQ9SGPLR"
"妹は知っている（６）　【電子限定特典イラスト付き】 (ヤングマガジンコミックス)","雁木万里","2026年3月25日","UNKNOWN","B0GPVZV9RK"
"生徒会にも穴はある！（１２） (週刊少年マガジンコミックス)","むちまろ","2026年3月25日","UNKNOWN","B0GR4KR62V"
"しれっとすげぇこと言ってるギャル。―私立パラの丸高校の日常― 5 (ヤングジャンプコミックスDIGITAL)","松浦太一（Plott）, おつじ","2026年3月25日","READ","B0GK2VMHHF"
"はるかリセット　24 (チャンピオンREDコミックス)","野上武志","2026年3月25日","READ","B0GFDP489K"
"咲-Saki- 27巻 (デジタル版ヤングガンガンコミックス)","小林立","2026年3月25日","UNKNOWN","B0GK6RMKK2"
"ＧＵＲＵ（１） (マガジンポケットコミックス)","陣ノ内康暉","2026年3月25日","READ","B0GPWF4TTY"
"ミタメトウラハラ【連載版】 2","ウラベスナヒト","2026年3月25日","READ","B0GCGXWBLP"
"ミタメトウラハラ【連載版】 3","ウラベスナヒト","2026年3月25日","READ","B0GL17L79Z"
"ラブひな(2) (Jコミックテラス×ナンバーナイン)","赤松健","2026年3月20日","UNKNOWN","B089DJPNP3"
"ラブひな(9) (Jコミックテラス×ナンバーナイン)","赤松健","2026年3月20日","UNKNOWN","B089DHSL4C"
"ラブひな(7) (Jコミックテラス×ナンバーナイン)","赤松健","2026年3月20日","UNKNOWN","B089DHD9L8"
"ラブひな(11) (Jコミックテラス×ナンバーナイン)","赤松健","2026年3月20日","UNKNOWN","B089DHFQW4"
"ラブひな(6) (Jコミックテラス×ナンバーナイン)","赤松健","2026年3月20日","UNKNOWN","B089DHJGD4"
"ラブひな(12) (Jコミックテラス×ナンバーナイン)","赤松健","2026年3月20日","UNKNOWN","B089DHDYRG"
"ラブひな(13) (Jコミックテラス×ナンバーナイン)","赤松健","2026年3月20日","UNKNOWN","B089DJ4QTD"
"ラブひな(10) (Jコミックテラス×ナンバーナイン)","赤松健","2026年3月20日","UNKNOWN","B089DJQ9Z4"
"ラブひな(3) (Jコミックテラス×ナンバーナイン)","赤松健","2026年3月20日","UNKNOWN","B089DHMFPN"
"ラブひな(4) (Jコミックテラス×ナンバーナイン)","赤松健","2026年3月20日","UNKNOWN","B089DGV78Y"
"ラブひな(8) (Jコミックテラス×ナンバーナイン)","赤松健","2026年3月20日","UNKNOWN","B089DHRQC3"
"ラブひな(5) (Jコミックテラス×ナンバーナイン)","赤松健","2026年3月20日","UNKNOWN","B089DH37BS"
"ラブひな(14) (Jコミックテラス×ナンバーナイン)","赤松健","2026年3月20日","UNKNOWN","B089DHMMTK"
"ラブひな(1) (Jコミックテラス×ナンバーナイン)","赤松健","2026年3月20日","UNKNOWN","B089DHFJXX"
"Angel Beats!(7)　-Heaven's Door- (電撃コミックス)","浅見 百合子","2026年2月26日","UNKNOWN","B00NIEWSC8"
"Angel Beats!(4)　-Heaven's Door- (電撃コミックス)","浅見 百合子","2026年2月26日","UNKNOWN","B00EPZDOSG"
"Angel Beats!(11)　-Heaven's Door- (電撃コミックス)","浅見 百合子","2026年2月26日","UNKNOWN","B01MR8WA95"
"Angel Beats!(8)　-Heaven's Door- (電撃コミックス)","浅見 百合子","2026年2月26日","UNKNOWN","B00W8NZIIG"
"Angel Beats!(1)　-Heaven's Door- (電撃コミックス)","浅見 百合子, 麻枝 准［Key］, Na-Ga［Key］","2026年2月26日","UNKNOWN","B009GYTPXE"
"Angel Beats!(3)　-Heaven's Door- (電撃コミックス)","浅見 百合子, 麻枝 准［Key］, Na-Ga［Key］","2026年2月26日","UNKNOWN","B009GYTPZ2"
"Angel Beats!(5)　-Heaven's Door- (電撃コミックス)","浅見 百合子","2026年2月26日","UNKNOWN","B00J4KDF4U"
"Angel Beats!(9)　-Heaven's Door- (電撃コミックス)","浅見 百合子","2026年2月26日","UNKNOWN","B0155VZHJM"
"Angel Beats!(2)　-Heaven's Door- (電撃コミックス)","浅見 百合子, 麻枝 准［Key］, Na-Ga［Key］","2026年2月26日","UNKNOWN","B009GYTPXY"
"Angel Beats!(10)　-Heaven's Door- (電撃コミックス)","浅見 百合子","2026年2月26日","UNKNOWN","B01EKPLFE0"
"Angel Beats!(6)　-Heaven's Door- (電撃コミックス)","浅見 百合子","2026年2月26日","UNKNOWN","B00J4KDF8Q"
"この素晴らしい世界に祝福を！(22) (ドラゴンコミックスエイジ)","渡 真仁","2026年2月25日","READ","B0GJQVHPPQ"
"釣って食べたいギャル澤さん 5 (ヤングジャンプコミックスDIGITAL)","ふなつかずき","2026年2月25日","UNKNOWN","B0GFCC2Y79"
"今日もビールでがんばらない～ユイとケイのカンパイリセット～【電子単行本】　4 (チャンピオンREDコミックス)","別所ユウイチ, 阿羅本景","2026年2月25日","UNKNOWN","B0G51BCVFK"
"江戸川乱歩異人館 11 (ヤングジャンプコミックスDIGITAL)","山口譲司","2026年2月22日","UNKNOWN","B00YPDHRI6"
"江戸川乱歩異人館 4 (ヤングジャンプコミックスDIGITAL)","山口譲司","2026年2月22日","UNKNOWN","B00BQ9V8HI"
"江戸川乱歩異人館 6 (ヤングジャンプコミックスDIGITAL)","山口譲司","2026年2月22日","UNKNOWN","B00E7QLNMC"
"江戸川乱歩異人館 10 (ヤングジャンプコミックスDIGITAL)","山口譲司","2026年2月22日","UNKNOWN","B00UBOMZF8"
"江戸川乱歩異人館 3 (ヤングジャンプコミックスDIGITAL)","山口譲司","2026年2月22日","UNKNOWN","B00BQ9V89G"
"江戸川乱歩異人館 12 (ヤングジャンプコミックスDIGITAL)","山口譲司","2026年2月22日","UNKNOWN","B014ST5JKO"
"江戸川乱歩異人館 9 (ヤングジャンプコミックスDIGITAL)","山口譲司","2026年2月22日","UNKNOWN","B00M8UIXS6"
"江戸川乱歩異人館 2 (ヤングジャンプコミックスDIGITAL)","山口譲司","2026年2月22日","UNKNOWN","B00BQ9V85A"
"江戸川乱歩異人館 13 (ヤングジャンプコミックスDIGITAL)","山口譲司","2026年2月22日","UNKNOWN","B016186E5O"
"江戸川乱歩異人館 1 (ヤングジャンプコミックスDIGITAL)","山口譲司","2026年2月22日","READ","B00BQ9V7WO"
"江戸川乱歩異人館 7 (ヤングジャンプコミックスDIGITAL)","山口譲司","2026年2月22日","UNKNOWN","B00G9MFQF2"
"江戸川乱歩異人館 8 (ヤングジャンプコミックスDIGITAL)","山口譲司","2026年2月22日","UNKNOWN","B00JB6MKNO"
"江戸川乱歩異人館 5 (ヤングジャンプコミックスDIGITAL)","山口譲司","2026年2月22日","UNKNOWN","B00BQ9V8EG"
"この美術部には問題がある！(9) (電撃コミックスNEXT)","いみぎむる","2026年2月20日","UNKNOWN","B079PTYG61"
"この美術部には問題がある！(5) (電撃コミックスNEXT)","いみぎむる","2026年2月20日","UNKNOWN","B016XJT4YE"
"この美術部には問題がある！(2) (電撃コミックスNEXT)","いみぎむる","2026年2月20日","UNKNOWN","B00HA7D2X8"
"この美術部には問題がある！(7) (電撃コミックスNEXT)","いみぎむる","2026年2月20日","UNKNOWN","B01LYW1AN8"
"この美術部には問題がある！(3) (電撃コミックスNEXT)","いみぎむる","2026年2月20日","UNKNOWN","B00LAS7SIS"
"この美術部には問題がある！(4) (電撃コミックスNEXT)","いみぎむる","2026年2月20日","UNKNOWN","B00TTEDFAU"
"この美術部には問題がある！(8) (電撃コミックスNEXT)","いみぎむる","2026年2月20日","UNKNOWN","B071VRQKT6"
"この美術部には問題がある！(10) (電撃コミックスNEXT)","いみぎむる","2026年2月20日","UNKNOWN","B07H81339S"
"この美術部には問題がある！(1) (電撃コミックスNEXT)","いみぎむる","2026年2月20日","UNKNOWN","B00EETP0TY"
"この美術部には問題がある！(6) (電撃コミックスNEXT)","いみぎむる","2026年2月20日","UNKNOWN","B01HCEQKB4"
"ざつ旅-That's Journey- １０ (電撃コミックスNEXT)","石坂 ケンタ","2026年2月20日","UNKNOWN","B0CPPDTWXC"
"ざつ旅-That's Journey- ６ (電撃コミックスNEXT)","石坂 ケンタ","2026年2月20日","UNKNOWN","B09N6MMR8C"
"ざつ旅-That's Journey- 8 (電撃コミックスNEXT)","石坂 ケンタ","2026年2月20日","UNKNOWN","B0BP6SKV7V"
"ざつ旅-That's Journey- ２ (電撃コミックスNEXT)","石坂 ケンタ","2026年2月20日","UNKNOWN","B0847FKXBX"
"ざつ旅-That's Journey- ４ (電撃コミックスNEXT)","石坂 ケンタ","2026年2月20日","UNKNOWN","B08Q3NF7B8"
"ざつ旅-That's Journey- ５ (電撃コミックスNEXT)","石坂 ケンタ","2026年2月20日","UNKNOWN","B094TZ6SP3"
"ざつ旅-That's Journey- １ (電撃コミックスNEXT)","石坂 ケンタ","2026年2月20日","READ","B07XRB1PJG"
"ざつ旅-That's Journey- ９ (電撃コミックスNEXT)","石坂 ケンタ","2026年2月20日","UNKNOWN","B0C52SPMNP"
"ざつ旅-That's Journey- ３ (電撃コミックスNEXT)","石坂 ケンタ","2026年2月20日","UNKNOWN","B08CMD1T72"
"ざつ旅-That's Journey- ７ (電撃コミックスNEXT)","石坂 ケンタ","2026年2月20日","UNKNOWN","B0B17XHPKS"
"恋するなんてバカの病 1 (百合コレ)","まこもとたる","2026年2月13日","READ","B0GH12ZKH6"
"さようなら運命の人。二日前でまた会いましょう。 (GA文庫)","四十万 チマ","2026年2月7日","UNKNOWN","B0G33FLTB5"
"凶乱令嬢ニア・リストン 病弱令嬢に転生した神殺しの武人の華麗なる無双録 8巻 (デジタル版ガンガンコミックスＵＰ！)","南野海風, 古代甲, 磁石, 刀 彼方","2026年2月6日","UNKNOWN","B0GC52LZZC"
"宇崎ちゃんは遊びたい！ 5【電子特典付き】 (ドラゴンコミックスエイジ)","丈","2026年2月3日","READ","B08BTFZ1FK"
"宇崎ちゃんは遊びたい！ 8【電子特典付き】 (ドラゴンコミックスエイジ)","丈","2026年2月3日","READ","B09SSJ6GJV"
"宇崎ちゃんは遊びたい！　12 (ドラゴンコミックスエイジ)","丈","2026年2月3日","READ","B0D8SGMWMJ"
"宇崎ちゃんは遊びたい！ 7【電子特典付き】 (ドラゴンコミックスエイジ)","丈","2026年2月3日","READ","B099MQ1LR7"
"宇崎ちゃんは遊びたい！ 6【電子特典付き】 (ドラゴンコミックスエイジ)","丈","2026年2月3日","READ","B08XBFSWYG"
"宇崎ちゃんは遊びたい！ 3 (ドラゴンコミックスエイジ)","丈","2026年2月3日","READ","B07THRLQXY"
"宇崎ちゃんは遊びたい！ 1 (ドラゴンコミックスエイジ)","丈","2026年2月3日","READ","B07F12PTTV"
"宇崎ちゃんは遊びたい！ 2 (ドラゴンコミックスエイジ)","丈","2026年2月3日","READ","B07N3B4GVJ"
"宇崎ちゃんは遊びたい！ 10【電子特典付き】 (ドラゴンコミックスエイジ)","丈","2026年2月3日","READ","B0BWCW5SJ4"
"宇崎ちゃんは遊びたい！ 14【電子特典付き】 (ドラゴンコミックスエイジ)","丈","2026年2月3日","READ","B0G6C8PBY4"
"宇崎ちゃんは遊びたい！ 13 (ドラゴンコミックスエイジ)","丈","2026年2月3日","READ","B0DXZ9DPKF"
"宇崎ちゃんは遊びたい！ 4【電子特典付き】 (ドラゴンコミックスエイジ)","丈","2026年2月3日","READ","B0846171HG"
"宇崎ちゃんは遊びたい！ 11【電子特典付き】 (ドラゴンコミックスエイジ)","丈","2026年2月3日","READ","B0CNTF9NDT"
"宇崎ちゃんは遊びたい！ 9 (ドラゴンコミックスエイジ)","丈","2026年2月3日","READ","B0BBYLX7BX"
"沙耶の唄 (星海社 e-FICTIONS)","大槻涼樹, Nitroplus","2026年1月25日","UNKNOWN","B08HV9LWQW"
"スーパーの裏でヤニ吸うふたり 8巻通常版 (デジタル版ビッグガンガンコミックス)","地主","2026年1月23日","UNKNOWN","B0G487MJM4"
"みことちゃんは嫌われたくない！５ (コミックエッセイ)","Pt","2026年1月21日","READ","B0GF3FXY1F"
"つくりながら学ぶ！ ドメイン駆動設計 実践入門［固定版］","山下祐也","2026年1月21日","UNKNOWN","B0G3VZVC4B"
"アビスマル 1 (青騎士コミックス)","こかむも","2026年1月20日","READ","B0GCKWTSXN"
"のあ先輩はともだち。 9 (ヤングジャンプコミックスDIGITAL)","あきやまえんま","2026年1月19日","READ","B0G4VDN6RG"
"33歳独身女騎士隊長。【単行本版】 (KATTS)","天原","2026年1月19日","READ","B07MYV5DTR"
"写らナイんです（５） (少年サンデーコミックス)","コノシマルカ","2026年1月18日","READ","B0FK4VQDWV"
"写らナイんです（１） (少年サンデーコミックス)","コノシマルカ","2026年1月18日","READ","B0CX9CDVK6"
"写らナイんです（２） (少年サンデーコミックス)","コノシマルカ","2026年1月18日","READ","B0D7H51MLM"
"写らナイんです（４） (少年サンデーコミックス)","コノシマルカ","2026年1月18日","UNKNOWN","B0F4XF5TB9"
"写らナイんです（３） (少年サンデーコミックス)","コノシマルカ","2026年1月18日","READ","B0DV999Y9X"
"写らナイんです（６） (少年サンデーコミックス)","コノシマルカ","2026年1月18日","READ","B0FSRCNR76"
"写らナイんです（７） (少年サンデーコミックス)","コノシマルカ","2026年1月18日","READ","B0GC41H5MT"
"シャングリラ・フロンティア（２５）　～クソゲーハンター、神ゲーに挑まんとす～ (週刊少年マガジンコミックス)","硬梨菜, 不二涼介","2026年1月17日","READ","B0GCLSYX1S"
"ブルーロック（３７） (週刊少年マガジンコミックス)","金城宗幸, ノ村優介","2026年1月16日","UNKNOWN","B0GCLR5TZ9"
"今日はもう上がります 1巻 (ヤングキングコミックス)","オクショウ, 吐兎モノロブ","2026年1月11日","UNKNOWN","B0FPF8RPKS"
"おさななななじみ 1 (ヤングジャンプコミックスDIGITAL)","雪森寧々","2026年1月10日","READ","B0FZHX98F4"
"極主夫道　4巻: バンチコミックス","おおのこうすけ","2026年1月10日","READ","B081RFM9N4"
"極主夫道　9巻 (バンチコミックス)","おおのこうすけ","2026年1月10日","UNKNOWN","B09SG4J33G"
"極主夫道　1巻: バンチコミックス","おおのこうすけ","2026年1月10日","READ","B07G3NR14C"
"極主夫道　3巻: バンチコミックス","おおのこうすけ","2026年1月10日","READ","B07SGC46WK"
"極主夫道　11巻 (バンチコミックス)","おおのこうすけ","2026年1月10日","READ","B0BPRZ62GW"
"極主夫道　10巻【電子特典付き】 (バンチコミックス)","おおのこうすけ","2026年1月10日","UNKNOWN","B0B4N8S3PN"
"極主夫道　15巻 (バンチコミックス)","おおのこうすけ","2026年1月10日","READ","B0DPPLX8F2"
"極主夫道　16巻 (バンチコミックス)","おおのこうすけ","2026年1月10日","READ","B0FPDTCM1S"
"極主夫道　5巻: バンチコミックス","おおのこうすけ","2026年1月10日","READ","B088NQZVCS"
"極主夫道　2巻: バンチコミックス","おおのこうすけ","2026年1月10日","READ","B07KWW9NKV"
"極主夫道　13巻 (バンチコミックス)","おおのこうすけ","2026年1月10日","READ","B0CN6P6YYZ"
"極主夫道　14巻 (バンチコミックス)","おおのこうすけ","2026年1月10日","READ","B0CZLH9DYS"
"極主夫道　8巻 (バンチコミックス)","おおのこうすけ","2026年1月10日","UNKNOWN","B09CPVNW4K"
"極主夫道　7巻: バンチコミックス","おおのこうすけ","2026年1月10日","UNKNOWN","B08VN52WZ2"
"極主夫道　6巻: バンチコミックス","おおのこうすけ","2026年1月10日","READ","B08KVNCFQ7"
"極主夫道　12巻 (バンチコミックス)","おおのこうすけ","2026年1月10日","READ","B0C77LTSQJ"
"僕の心のヤバイやつ ラブコメディが始まらない　1 (少年チャンピオン・コミックス)","七坂ハイカ, 桜井のりお","2026年1月9日","UNKNOWN","B0FXLQ8S3R"
"僕の心のヤバイやつ　13 (少年チャンピオン・コミックス)","桜井のりお","2026年1月8日","READ","B0FTZ443M6"
"地雷なんですか？地原さん(8) (GANMA!)","りょん","2026年1月7日","READ","B0GC6XMRGR"
"このクラスにギャルはいない 3 (ジャンプコミックスDIGITAL)","時田時雨","2026年1月5日","READ","B0G4V9NML8"
"姫様“拷問”の時間です 19 (ジャンプコミックスDIGITAL)","春原ロビンソン, ひらけい","2026年1月5日","READ","B0G4VDDN6Y"
"ダンダダン 22 (ジャンプコミックスDIGITAL)","龍幸伸","2026年1月5日","READ","B0G4V6YN5F"
"喰霊(4) (角川コミックス・エース)","瀬川 はじめ","2026年1月3日","READ","B00932PQ8W"
"喰霊(1) (角川コミックス・エース)","瀬川 はじめ","2026年1月3日","READ","B00932N0KS"
"喰霊(11) (角川コミックス・エース)","瀬川 はじめ","2026年1月3日","READ","B0093G7NRU"
"喰霊(5) (角川コミックス・エース)","瀬川 はじめ","2026年1月3日","READ","B00932PQVE"
"喰霊(2) (角川コミックス・エース)","瀬川 はじめ","2026年1月3日","READ","B00932PND0"
"喰霊(3) (角川コミックス・エース)","瀬川 はじめ","2026年1月3日","READ","B00932PNKS"
"喰霊(8) (角川コミックス・エース)","瀬川 はじめ","2026年1月3日","READ","B0093G7AQE"
"喰霊(9) (角川コミックス・エース)","瀬川 はじめ","2026年1月3日","READ","B0093G7AW8"
"喰霊(6) (角川コミックス・エース)","瀬川 はじめ","2026年1月3日","READ","B0093G5MQ4"
"喰霊(10) (角川コミックス・エース)","瀬川 はじめ","2026年1月3日","READ","B0093G7NIE"
"喰霊(7) (角川コミックス・エース)","瀬川 はじめ","2026年1月3日","READ","B0093G79LA"
"喰霊(12) (角川コミックス・エース)","瀬川 はじめ","2026年1月3日","READ","B0093G7OM4"
"ロクでなし魔術講師と禁忌教典(12) (角川コミックス・エース)","常深アオサ","2026年1月3日","READ","B082LPX9ZB"
"ロクでなし魔術講師と禁忌教典(4) (角川コミックス・エース)","常深アオサ","2026年1月3日","UNKNOWN","B01LY45YLX"
"ロクでなし魔術講師と禁忌教典(6) (角川コミックス・エース)","常深アオサ","2026年1月3日","READ","B075J7SKNN"
"ロクでなし魔術講師と禁忌教典(10) (角川コミックス・エース)","常深アオサ","2026年1月3日","READ","B07PLD5GJR"
"ロクでなし魔術講師と禁忌教典(14) (角川コミックス・エース)","常深アオサ","2026年1月3日","READ","B08L2VZ5CW"
"ロクでなし魔術講師と禁忌教典(2) (角川コミックス・エース)","常深アオサ","2026年1月3日","READ","B019I5E31E"
"ロクでなし魔術講師と禁忌教典(8) (角川コミックス・エース)","常深アオサ","2026年1月3日","READ","B07FC7QX9V"
"ロクでなし魔術講師と禁忌教典(9) (角川コミックス・エース)","常深アオサ","2026年1月3日","READ","B07KC53S9K"
"ロクでなし魔術講師と禁忌教典(15) (角川コミックス・エース)","常深アオサ","2026年1月3日","READ","B08YRT5MFR"
"ロクでなし魔術講師と禁忌教典(5) (角川コミックス・エース)","常深アオサ","2026年1月3日","READ","B06XP7YYQN"
"ロクでなし魔術講師と禁忌教典(16) (角川コミックス・エース)","常深アオサ","2026年1月3日","UNKNOWN","B09C1BPGT7"
"ロクでなし魔術講師と禁忌教典(3) (角川コミックス・エース)","常深アオサ","2026年1月3日","READ","B01EWSSGLA"
"ロクでなし魔術講師と禁忌教典(1) (角川コミックス・エース)","常深アオサ","2026年1月3日","READ","B0186MJR4S"
"ロクでなし魔術講師と禁忌教典(7) (角川コミックス・エース)","常深アオサ","2026年1月3日","READ","B079PL97DH"
"ロクでなし魔術講師と禁忌教典(11) (角川コミックス・エース)","常深アオサ","2026年1月3日","READ","B07WC8LMP6"
"ロクでなし魔術講師と禁忌教典(13) (角川コミックス・エース)","常深アオサ","2026年1月3日","READ","B08B3DMQJV"
"万能鑑定士Ｑの事件簿 I (角川コミックス・エース)","神江 ちず","2026年1月3日","READ","B00EQ2ZM92"
"万能鑑定士Ｑの事件簿 ＶＩＩ (角川コミックス・エース)","神江 ちず","2026年1月3日","READ","B015X4USPY"
"万能鑑定士Ｑの事件簿 III (角川コミックス・エース)","神江 ちず","2026年1月3日","READ","B00IZXB3HS"
"万能鑑定士Ｑの事件簿 ＩＩ (角川コミックス・エース)","神江 ちず","2026年1月3日","READ","B00GD4GMEK"
"万能鑑定士Ｑの事件簿 ＩX (角川コミックス・エース)","神江 ちず","2026年1月3日","READ","B01MSLQJEY"
"万能鑑定士Ｑの事件簿 ＩＶ (角川コミックス・エース)","神江 ちず","2026年1月3日","READ","B00KIG2Z9K"
"万能鑑定士Ｑの事件簿 Ｖ (角川コミックス・エース)","神江 ちず","2026年1月3日","READ","B00P23YH7M"
"万能鑑定士Ｑの事件簿 X (角川コミックス・エース)","神江 ちず","2026年1月3日","READ","B071CKC3L7"
"万能鑑定士Ｑの事件簿 VIII (角川コミックス・エース)","神江 ちず","2026年1月3日","READ","B01DIIQ9V4"
"万能鑑定士Ｑの事件簿 ＶＩ (角川コミックス・エース)","神江 ちず","2026年1月3日","READ","B00VFE63Y2"
"ニンジャスレイヤー(6) ～スリー・ダーティー・ニンジャボンド～ (角川コミックス・エース)","余湖 裕輝, 本兌有・杉ライカ","2026年1月2日","UNKNOWN","B018V21LMO"
"ニンジャスレイヤー(13) ～ネオサイタマ・イン・フレイム（イチ）～ (角川コミックス・エース)","余湖 裕輝, 本兌有・杉ライカ","2026年1月2日","UNKNOWN","B079DHWRDX"
"ニンジャスレイヤー(2) ～ラスト・ガール・スタンディング(イチ)～ (角川コミックス・エース)","余湖 裕輝, 本兌有・杉ライカ","2026年1月2日","UNKNOWN","B00K2MEE9Y"
"ニンジャスレイヤー(4) ～アトロシティ・イン・ネオサイタマシティ～ (角川コミックス・エース)","余湖 裕輝, 本兌有・杉ライカ","2026年1月2日","UNKNOWN","B00VLOHTG2"
"ニンジャスレイヤー(11) ～フィスト・フィルド・ウィズ・リグレット・アンド・オハギ～ (角川コミックス・エース)","余湖 裕輝, 本兌有・杉ライカ","2026年1月2日","UNKNOWN","B01N47Q830"
"ニンジャスレイヤー(12) ～ストレンジャー・ストレンジャー・ザン・フィクション～ (角川コミックス・エース)","余湖 裕輝, 本兌有・杉ライカ","2026年1月2日","UNKNOWN","B07123SG61"
"ニンジャスレイヤー(10) ～ゲイシャ・カラテ・シンカンセン・アンド・ヘル(ニ)～ (角川コミックス・エース)","余湖 裕輝, 本兌有・杉ライカ","2026年1月2日","UNKNOWN","B01MXS1DC7"
"ニンジャスレイヤー(5) ～ワン・ミニット・ビフォア・ザ・タヌキ～ (角川コミックス・エース)","余湖 裕輝, 本兌有・杉ライカ","2026年1月2日","UNKNOWN","B0113HTNHY"
"ニンジャスレイヤー(3) ～ラスト・ガール・スタンディング(ニ)～ (角川コミックス・エース)","余湖 裕輝, 本兌有・杉ライカ","2026年1月2日","UNKNOWN","B00P23YH5E"
"ニンジャスレイヤー(9) ～ゲイシャ・カラテ・シンカンセン・アンド・ヘル(イチ)～ (角川コミックス・エース)","余湖 裕輝, 本兌有・杉ライカ","2026年1月2日","UNKNOWN","B01LQ9M9UW"
"ニンジャスレイヤー(7) ～メナス・オブ・ダークニンジャ～ (角川コミックス・エース)","余湖 裕輝, 本兌有・杉ライカ","2026年1月2日","UNKNOWN","B01DOVIQX4"
"ニンジャスレイヤー(1) ～マシン・オブ・ヴェンジェンス～ (角川コミックス・エース)","余湖 裕輝","2026年1月2日","READ","B00HA7D0O4"
"ニンジャスレイヤー(8) ～メリー・クリスマス・ネオサイタマ～ (角川コミックス・エース)","余湖 裕輝, 本兌有・杉ライカ","2026年1月2日","UNKNOWN","B01HYTX7DQ"
"ニンジャスレイヤー(14) ～ネオサイタマ・イン・フレイム（ニ）～ (角川コミックス・エース)","余湖 裕輝, 本兌有・杉ライカ","2026年1月2日","UNKNOWN","B079DHWV1T"
"夢と恋ではつり合わない【イラスト特典付】 (百合姫コミックス)","とりいしづく","2025年12月31日","UNKNOWN","B0FHGTQ26R"
"涼宮ハルヒの憂鬱(13) (角川コミックス・エース)","谷川 流, ツガノ ガク, いとう のいぢ","2025年12月27日","READ","B00932PUI8"
"涼宮ハルヒの憂鬱(3) (角川コミックス・エース)","谷川 流, ツガノ ガク, いとう のいぢ","2025年12月27日","READ","B00932N774"
"涼宮ハルヒの憂鬱(18) (角川コミックス・エース)","ツガノ ガク","2025年12月27日","UNKNOWN","B00DI8TX72"
"涼宮ハルヒの憂鬱(5) (角川コミックス・エース)","谷川 流, ツガノ ガク, いとう のいぢ","2025年12月27日","READ","B00932N7SI"
"涼宮ハルヒの憂鬱(10) (角川コミックス・エース)","谷川 流, ツガノ ガク, いとう のいぢ","2025年12月27日","READ","B00932P6IW"
"涼宮ハルヒの憂鬱(6) (角川コミックス・エース)","ツガノ ガク","2025年12月27日","READ","B00932N8BE"
"涼宮ハルヒの憂鬱(9) (角川コミックス・エース)","谷川 流, ツガノ ガク, いとう のいぢ","2025年12月27日","READ","B00932OZ8E"
"涼宮ハルヒの憂鬱(1) (角川コミックス・エース)","谷川 流, ツガノ ガク, いとう のいぢ","2025年12月27日","READ","B00932N5I0"
"涼宮ハルヒの憂鬱(11) (角川コミックス・エース)","谷川 流, ツガノ ガク, いとう のいぢ","2025年12月27日","READ","B00932PFFQ"
"涼宮ハルヒの憂鬱(2) (角川コミックス・エース)","谷川 流, ツガノ ガク, いとう のいぢ","2025年12月27日","READ","B00932N6Z2"
"涼宮ハルヒの憂鬱(4) (角川コミックス・エース)","谷川 流, ツガノ ガク, いとう のいぢ","2025年12月27日","READ","B00932N7FG"
"涼宮ハルヒの憂鬱(19) (角川コミックス・エース)","ツガノ ガク","2025年12月27日","UNKNOWN","B00DVZRPIQ"
"涼宮ハルヒの憂鬱(20) (角川コミックス・エース)","ツガノ ガク","2025年12月27日","UNKNOWN","B00HF4RI0E"
"涼宮ハルヒの憂鬱(15) (角川コミックス・エース)","谷川 流, ツガノ ガク, いとう のいぢ","2025年12月27日","READ","B0093GAB1K"
"涼宮ハルヒの憂鬱(7) (角川コミックス・エース)","谷川 流, ツガノ ガク, いとう のいぢ","2025年12月27日","UNKNOWN","B00932OQN8"
"涼宮ハルヒの憂鬱(16) (角川コミックス・エース)","谷川 流, ツガノ ガク, いとう のいぢ","2025年12月27日","READ","B0093GATMQ"
"涼宮ハルヒの憂鬱(12) (角川コミックス・エース)","谷川 流, ツガノ ガク, いとう のいぢ","2025年12月27日","READ","B00932PQN2"
"涼宮ハルヒの憂鬱(8) (角川コミックス・エース)","谷川 流, ツガノ ガク, いとう のいぢ","2025年12月27日","UNKNOWN","B00932OUG6"
"涼宮ハルヒの憂鬱(14) (角川コミックス・エース)","谷川 流, ツガノ ガク, いとう のいぢ","2025年12月27日","READ","B0093G5N1I"
"涼宮ハルヒの憂鬱(17) (角川コミックス・エース)","谷川 流, ツガノ ガク, いとう のいぢ","2025年12月27日","UNKNOWN","B00BKVHBDW"
"令和のダラさん 2 (MFC)","ともつか 治臣","2025年12月26日","READ","B0C4NJ164J"
"令和のダラさん １ (MFC)","ともつか 治臣","2025年12月26日","READ","B0BLQ4XD69"
"令和のダラさん 4 (MFC)","ともつか 治臣","2025年12月26日","READ","B0D6R1VMYC"
"令和のダラさん 5 (MFC)","ともつか 治臣","2025年12月26日","READ","B0DPVWMSCF"
"令和のダラさん 6 (MFC)","ともつか 治臣","2025年12月26日","READ","B0FCDCCVPY"
"令和のダラさん 3 (MFC)","ともつか 治臣","2025年12月26日","READ","B0CLKZ1ZJM"
"令和のダラさん 7 (MFC)","ともつか 治臣","2025年12月26日","READ","B0G5M16LVL"
"君のナイフ 10巻","小手川 ゆあ","2025年12月26日","UNKNOWN","B07H2ZW6VT"
"君のナイフ 5巻","小手川 ゆあ","2025年12月26日","UNKNOWN","B07H314KPG"
"君のナイフ 4巻","小手川 ゆあ","2025年12月26日","UNKNOWN","B07H31K69V"
"君のナイフ 1巻","小手川 ゆあ","2025年12月26日","UNKNOWN","B07H33JKXS"
"君のナイフ 6巻","小手川 ゆあ","2025年12月26日","UNKNOWN","B07H3127D9"
"君のナイフ 7巻","小手川 ゆあ","2025年12月26日","UNKNOWN","B07H3195F3"
"君のナイフ 3巻","小手川 ゆあ","2025年12月26日","UNKNOWN","B07H2ZBB36"
"君のナイフ 2巻","小手川 ゆあ","2025年12月26日","UNKNOWN","B07H3296M4"
"君のナイフ 9巻","小手川 ゆあ","2025年12月26日","UNKNOWN","B07H2ZGWVX"
"君のナイフ 8巻","小手川 ゆあ","2025年12月26日","UNKNOWN","B07H31NS3D"
"外れたみんなの頭のネジ【GANMA!版】（１５）","洋介犬","2025年12月25日","UNKNOWN","B0CVXMX2JH"
"外れたみんなの頭のネジ【GANMA!版】（１７）","洋介犬","2025年12月25日","UNKNOWN","B0CY94Y9BZ"
"外れたみんなの頭のネジ【GANMA!版】（９）","洋介犬","2025年12月25日","UNKNOWN","B0C1MZCSHN"
"外れたみんなの頭のネジ【GANMA!版】（１１）","洋介犬","2025年12月25日","UNKNOWN","B0C1N199Z9"
"外れたみんなの頭のネジ【GANMA!版】（１４）","洋介犬","2025年12月25日","UNKNOWN","B0C8JHYDCC"
"外れたみんなの頭のネジ【GANMA!版】（５）","洋介犬","2025年12月25日","READ","B0C1N2JBXG"
"外れたみんなの頭のネジ【GANMA!版】（２）","洋介犬","2025年12月25日","READ","B0C1N1VVQ8"
"外れたみんなの頭のネジ【GANMA!版】（７）","洋介犬","2025年12月25日","UNKNOWN","B0C1N3NZD6"
"外れたみんなの頭のネジ【GANMA!版】（４）","洋介犬","2025年12月25日","READ","B0C1MZ76LY"
"外れたみんなの頭のネジ【GANMA!版】（１３）","洋介犬","2025年12月25日","UNKNOWN","B0C1N27QNC"
"外れたみんなの頭のネジ【GANMA!版】（１８）","洋介犬","2025年12月25日","UNKNOWN","B0CW1FX93Y"
"外れたみんなの頭のネジ【GANMA!版】（１）","洋介犬","2025年12月25日","READ","B0C1N3G625"
"外れたみんなの頭のネジ【GANMA!版】（３）","洋介犬","2025年12月25日","READ","B0C1N1SC7Z"
"外れたみんなの頭のネジ【GANMA!版】（８）","洋介犬","2025年12月25日","UNKNOWN","B0C1N16CHT"
"外れたみんなの頭のネジ【GANMA!版】（１２）","洋介犬","2025年12月25日","UNKNOWN","B0C1N1D2LG"
"外れたみんなの頭のネジ【GANMA!版】（１６）","洋介犬","2025年12月25日","UNKNOWN","B0CXTRYZMR"
"外れたみんなの頭のネジ【GANMA!版】（６）","洋介犬","2025年12月25日","UNKNOWN","B0C1N16N2J"
"外れたみんなの頭のネジ【GANMA!版】（１０）","洋介犬","2025年12月25日","UNKNOWN","B0C1MZW579"
"そばギャルとおじさん 1 (熱帯COMICS)","稲葉 そーへー, 本橋 隆司","2025年12月25日","READ","B0FQ4Q69G9"
"片田舎のおっさん、剣聖になる～ただの田舎の剣術師範だったのに、大成した弟子たちが俺を放ってくれない件～　8 (ヤングチャンピオン・コミックス)","乍藤和樹, 佐賀崎しげる, 鍋島テツヒロ","2025年12月25日","READ","B0FTZ75PWH"
"はるかリセット　23 (チャンピオンREDコミックス)","野上武志","2025年12月20日","READ","B0FTZ56YDH"
"尾守つみきと奇日常。（８） (少年サンデーコミックス)","森下みゆ","2025年12月18日","READ","B0G4CVT3K1"
"変な家: 6 (HOWLコミックス)","雨穴, 綾野 暁","2025年12月16日","UNKNOWN","B0G6C2XQM5"
"ブルーロック（１２） (週刊少年マガジンコミックス)","金城宗幸, ノ村優介","2025年12月11日","READ","B08PNT3LHQ"
"ブルーロック（１０） (週刊少年マガジンコミックス)","金城宗幸, ノ村優介","2025年12月11日","READ","B08FCDLQCV"
"ブルーロック（１３） (週刊少年マガジンコミックス)","金城宗幸, ノ村優介","2025年12月11日","READ","B08XYZ1QMC"
"ブルーロック（１９） (週刊少年マガジンコミックス)","金城宗幸, ノ村優介","2025年12月11日","READ","B09Z2GF1T3"
"ブルーロック（７） (週刊少年マガジンコミックス)","金城宗幸","2025年12月11日","READ","B0836LB4WZ"
"ブルーロック（１１） (週刊少年マガジンコミックス)","金城宗幸, ノ村優介","2025年12月11日","READ","B08KQ5NKCR"
"ブルーロック（２５） (週刊少年マガジンコミックス)","金城宗幸, ノ村優介","2025年12月11日","READ","B0C9ZT2SRC"
"ブルーロック（３） (週刊少年マガジンコミックス)","金城宗幸, ノ村優介","2025年12月11日","READ","B07PFHZS85"
"ブルーロック（１５） (週刊少年マガジンコミックス)","金城宗幸, ノ村優介","2025年12月11日","READ","B09BYSWC26"
"ブルーロック（２２） (週刊少年マガジンコミックス)","金城宗幸, ノ村優介","2025年12月11日","READ","B0BNZTZJYJ"
"ブルーロック（９） (週刊少年マガジンコミックス)","金城宗幸","2025年12月11日","READ","B087Q59WKG"
"ブルーロック（８） (週刊少年マガジンコミックス)","金城宗幸","2025年12月11日","READ","B085L3JRFC"
"ブルーロック（３５） (週刊少年マガジンコミックス)","金城宗幸, ノ村優介","2025年12月11日","READ","B0FK98FN8R"
"ブルーロック（３１） (週刊少年マガジンコミックス)","金城宗幸, ノ村優介","2025年12月11日","READ","B0DJF92PVF"
"ブルーロック（２７） (週刊少年マガジンコミックス)","金城宗幸, ノ村優介","2025年12月11日","READ","B0CPFFGFKB"
"ブルーロック（２１） (週刊少年マガジンコミックス)","金城宗幸, ノ村優介","2025年12月11日","READ","B0BH8DYZJG"
"ブルーロック（４） (週刊少年マガジンコミックス)","金城宗幸","2025年12月11日","READ","B07SXT4YFB"
"ブルーロック（２０） (週刊少年マガジンコミックス)","金城宗幸, ノ村優介","2025年12月11日","READ","B0B5QMBS47"
"ブルーロック（３６） (週刊少年マガジンコミックス)","金城宗幸, ノ村優介","2025年12月11日","UNKNOWN","B0FZDWFL88"
"ブルーロック（１６） (週刊少年マガジンコミックス)","金城宗幸, ノ村優介","2025年12月11日","READ","B09HQLJWZN"
"ブルーロック（５） (週刊少年マガジンコミックス)","金城宗幸","2025年12月11日","READ","B07VVQBH1J"
"ブルーロック（１４） (週刊少年マガジンコミックス)","金城宗幸, ノ村優介","2025年12月11日","READ","B093WHYXSK"
"ブルーロック（３３） (週刊少年マガジンコミックス)","金城宗幸, ノ村優介","2025年12月11日","READ","B0DZ637GKQ"
"ブルーロック（３２） (週刊少年マガジンコミックス)","金城宗幸, ノ村優介","2025年12月11日","READ","B0DPJQ1K2C"
"ブルーロック（２３） (週刊少年マガジンコミックス)","金城宗幸, ノ村優介","2025年12月11日","READ","B0BXCG2S8G"
"ブルーロック（１８） (週刊少年マガジンコミックス)","金城宗幸, ノ村優介","2025年12月11日","READ","B09TVXXKKC"
"ブルーロック（１７） (週刊少年マガジンコミックス)","金城宗幸, ノ村優介","2025年12月11日","READ","B09N37G7HX"
"ブルーロック（２４） (週刊少年マガジンコミックス)","金城宗幸, ノ村優介","2025年12月11日","READ","B0C3V89JX4"
"ブルーロック（３４） (週刊少年マガジンコミックス)","金城宗幸, ノ村優介","2025年12月11日","READ","B0FBWF861Q"
"ブルーロック（１） (週刊少年マガジンコミックス)","金城宗幸, ノ村優介","2025年12月11日","READ","B07K43H7TS"
"ブルーロック（２６） (週刊少年マガジンコミックス)","金城宗幸, ノ村優介","2025年12月11日","READ","B0CH2SB2KL"
"ブルーロック（６） (週刊少年マガジンコミックス)","金城宗幸","2025年12月11日","READ","B07YSD58YS"
"ブルーロック（３０） (週刊少年マガジンコミックス)","金城宗幸, ノ村優介","2025年12月11日","READ","B0DBY6KFTS"
"ブルーロック（２８） (週刊少年マガジンコミックス)","金城宗幸, ノ村優介","2025年12月11日","READ","B0CWKCDYS4"
"ブルーロック（２） (週刊少年マガジンコミックス)","金城宗幸, ノ村優介","2025年12月11日","READ","B07MDGFMM5"
"ブルーロック（２９） (週刊少年マガジンコミックス)","金城宗幸, ノ村優介","2025年12月11日","READ","B0D2ZMKFB6"
"わたしが恋人になれるわけないじゃん、ムリムリ！（※ムリじゃなかった!?） 6 (ヤングジャンプコミックスDIGITAL)","みかみてれん, むっしゅ, 竹嶋えく","2025年12月10日","READ","B0CM37WT2K"
"わたしが恋人になれるわけないじゃん、ムリムリ！（※ムリじゃなかった!?） 8 (ヤングジャンプコミックスDIGITAL)","みかみてれん, むっしゅ, 竹嶋えく","2025年12月10日","READ","B0F6VSDJY9"
"わたしが恋人になれるわけないじゃん、ムリムリ！（※ムリじゃなかった!?） 7 (ヤングジャンプコミックスDIGITAL)","みかみてれん, むっしゅ, 竹嶋えく","2025年12月10日","READ","B0DB4R2SFL"
"わたしが恋人になれるわけないじゃん、ムリムリ！（※ムリじゃなかった!?） 5 (ヤングジャンプコミックスDIGITAL)","みかみてれん, むっしゅ, 竹嶋えく","2025年12月10日","READ","B0BT4JZ3JD"
"ＷＩＮＤ　ＢＲＥＡＫＥＲ（２４） (マガジンポケットコミックス)","にいさとる","2025年12月9日","UNKNOWN","B0G3ZZCH8M"
"わたしが恋人になれるわけないじゃん、ムリムリ！（※ムリじゃなかった!?） 4 (ヤングジャンプコミックスDIGITAL)","みかみてれん, むっしゅ, 竹嶋えく","2025年12月8日","READ","B09TKWFHKL"
"わたしが恋人になれるわけないじゃん、ムリムリ！（※ムリじゃなかった!?） 3 (ヤングジャンプコミックスDIGITAL)","みかみてれん, むっしゅ, 竹嶋えく","2025年12月8日","READ","B09HQPRJSY"
"わたしが恋人になれるわけないじゃん、ムリムリ！（※ムリじゃなかった!?） 2 (ヤングジャンプコミックスDIGITAL)","みかみてれん, むっしゅ, 竹嶋えく","2025年12月8日","READ","B091269VB2"
"わたしが恋人になれるわけないじゃん、ムリムリ！（※ムリじゃなかった!?） 1 (ヤングジャンプコミックスDIGITAL)","みかみてれん, むっしゅ, 竹嶋えく","2025年12月8日","READ","B08KD96PJ2"
"少女終末旅行　4巻: バンチコミックス","つくみず","2025年12月7日","READ","B01M6D79J6"
"少女終末旅行　6巻（完）: バンチコミックス","つくみず","2025年12月7日","READ","B07B4W9ZYD"
"少女終末旅行　2巻: バンチコミックス","つくみず","2025年12月7日","READ","B015VXQB2Q"
"少女終末旅行　1巻 (バンチコミックス)","つくみず","2025年12月7日","READ","B00WHVRH4C"
"少女終末旅行　5巻: バンチコミックス","つくみず","2025年12月7日","READ","B0759NXC4W"
"少女終末旅行　3巻: バンチコミックス","つくみず","2025年12月7日","UNKNOWN","B01DDFXADW"
"一瞬で治療していたのに役立たずと追放された天才治癒師、闇ヒーラーとして楽しく生きる（コミック）　１ (GAコミック)","十乃壱 天, 菱川 さかく","2025年12月7日","READ","B0B4S9HBRW"
"一瞬で治療していたのに役立たずと追放された天才治癒師、闇ヒーラーとして楽しく生きる（コミック）　２【電子限定特典付き】 (GAコミック)","十乃壱 天, 菱川 さかく","2025年12月7日","UNKNOWN","B0C1C28MBQ"
"一瞬で治療していたのに役立たずと追放された天才治癒師、闇ヒーラーとして楽しく生きる（コミック）　３ (GAコミック)","十乃壱 天, 菱川 さかく","2025年12月7日","READ","B0CR14T3FK"
"一瞬で治療していたのに役立たずと追放された天才治癒師、闇ヒーラーとして楽しく生きる（コミック）　４ (GAコミック)","十乃壱 天, 菱川 さかく","2025年12月7日","READ","B0DG2LLK1Z"
"一瞬で治療していたのに役立たずと追放された天才治癒師、闇ヒーラーとして楽しく生きる（コミック）　５ (GAコミック)","十乃壱 天, 菱川 さかく","2025年12月7日","READ","B0F43NFGPS"
"ひだまりスケッチ　９巻 (まんがタイムＫＲコミックス)","蒼樹うめ","2025年12月5日","READ","B01MSQQS2O"
"ひだまりスケッチ　８巻 (まんがタイムＫＲコミックス)","蒼樹うめ","2025年12月5日","READ","B00X9CDQIE"
"ひだまりスケッチ　５巻 (まんがタイムＫＲコミックス)","蒼樹うめ","2025年12月5日","UNKNOWN","B00X9CDP8U"
"ひだまりスケッチ　４巻 (まんがタイムＫＲコミックス)","蒼樹うめ","2025年12月5日","UNKNOWN","B00X9CDP8A"
"ひだまりスケッチ　１０巻 (まんがタイムＫＲコミックス)","蒼樹うめ","2025年12月5日","READ","B0868MHPPD"
"ひだまりスケッチ　３巻 (まんがタイムＫＲコミックス)","蒼樹うめ","2025年12月5日","UNKNOWN","B00X9CDPD0"
"ひだまりスケッチ　７巻 (まんがタイムＫＲコミックス)","蒼樹うめ","2025年12月5日","UNKNOWN","B00X9CDQCK"
"ひだまりスケッチ　６巻 (まんがタイムＫＲコミックス)","蒼樹うめ","2025年12月5日","READ","B00X9CDTTU"
"妹は知っている（５）　【電子限定特典イラスト付き】 (ヤングマガジンコミックス)","雁木万里","2025年12月5日","READ","B0G36JZGCJ"
"ホリミヤ 14巻 (デジタル版Gファンタジーコミックス)","HERO, 萩原ダイスケ","2025年12月3日","READ","B082527X45"
"ホリミヤ 6巻 (デジタル版Gファンタジーコミックス)","HERO, 萩原ダイスケ","2025年12月3日","READ","B00O2Q680O"
"ホリミヤ 4巻 (デジタル版Gファンタジーコミックス)","HERO, 萩原ダイスケ","2025年12月3日","READ","B00FJXLZN4"
"ホリミヤ 5巻 (デジタル版Gファンタジーコミックス)","HERO, 萩原ダイスケ","2025年12月3日","READ","B00JFS6DB8"
"ホリミヤ 13巻 (デジタル版Gファンタジーコミックス)","HERO, 萩原ダイスケ","2025年12月3日","READ","B07N8Z9NMS"
"ホリミヤ 1巻 (デジタル版Gファンタジーコミックス)","HERO, 萩原ダイスケ","2025年12月3日","READ","B00C6Q3Y5E"
"ホリミヤ 16巻 (デジタル版Gファンタジーコミックス)","HERO, 萩原ダイスケ","2025年12月3日","READ","B098B4J1X8"
"ホリミヤ 11巻 (デジタル版Gファンタジーコミックス)","HERO, 萩原ダイスケ","2025年12月3日","READ","B074FVN55T"
"ホリミヤ 8巻 (デジタル版Gファンタジーコミックス)","HERO, 萩原ダイスケ","2025年12月3日","READ","B017JVMO1U"
"ホリミヤ 17巻 A piece of memories (デジタル版Gファンタジーコミックス)","HERO, 萩原ダイスケ","2025年12月3日","READ","B0C6KBX3GY"
"ホリミヤ 9巻 (デジタル版Gファンタジーコミックス)","HERO, 萩原ダイスケ","2025年12月3日","READ","B01ESK8JVE"
"ホリミヤ 7巻 (デジタル版Gファンタジーコミックス)","HERO, 萩原ダイスケ","2025年12月3日","READ","B00WVRBV2G"
"ホリミヤ 12巻 (デジタル版Gファンタジーコミックス)","HERO, 萩原ダイスケ","2025年12月3日","READ","B07CPZHV2C"
"ホリミヤ 3巻 (デジタル版Gファンタジーコミックス)","HERO, 萩原ダイスケ","2025年12月3日","READ","B00DSI1HIK"
"ホリミヤ 10巻 (デジタル版Gファンタジーコミックス)","HERO, 萩原ダイスケ","2025年12月3日","READ","B01M7X8HWE"
"ホリミヤ 2巻 (デジタル版Gファンタジーコミックス)","HERO, 萩原ダイスケ","2025年12月3日","READ","B00C6Q3Y9A"
"ホリミヤ 15巻 (デジタル版Gファンタジーコミックス)","HERO, 萩原ダイスケ","2025年12月3日","READ","B08HN231K5"
"妹は知っている（３） (ヤングマガジンコミックス)","雁木万里","2025年12月2日","READ","B0FJQDP1BX"
"妹は知っている（１） (ヤングマガジンコミックス)","雁木万里","2025年12月2日","READ","B0DXZ34SB3"
"妹は知っている（２） (ヤングマガジンコミックス)","雁木万里","2025年12月2日","READ","B0F9WFNQMK"
"妹は知っている（４） (ヤングマガジンコミックス)","雁木万里","2025年12月2日","READ","B0FSC55SH1"
"瑠璃宮夢幻古物店 ： 2 (アクションコミックス)","逢坂八代","2025年11月30日","READ","B00SXSX6QQ"
"瑠璃宮夢幻古物店 ： 4 (アクションコミックス)","逢坂八代","2025年11月30日","READ","B01DPNM1TQ"
"瑠璃宮夢幻古物店 ： 3 (アクションコミックス)","逢坂八代","2025年11月30日","READ","B014PEI7XI"
"瑠璃宮夢幻古物店 ： 1 (アクションコミックス)","逢坂八代","2025年11月30日","READ","B00LE2OPZY"
"瑠璃宮夢幻古物店 ： 6 (アクションコミックス)","逢坂八代","2025年11月30日","READ","B074N4FYDH"
"瑠璃宮夢幻古物店 ： 5 (アクションコミックス)","逢坂八代","2025年11月30日","READ","B01NBJ7O9K"
"瑠璃宮夢幻古物店 ： 7 (アクションコミックス)","逢坂八代","2025年11月30日","READ","B07C5QR5VL"
"姫様“拷問”の時間です 3 (ジャンプコミックスDIGITAL)","春原ロビンソン, ひらけい","2025年11月29日","READ","B08BFRHJGQ"
"姫様“拷問”の時間です 12 (ジャンプコミックスDIGITAL)","春原ロビンソン, ひらけい","2025年11月29日","UNKNOWN","B0C69BL5J7"
"姫様“拷問”の時間です 5 (ジャンプコミックスDIGITAL)","春原ロビンソン, ひらけい","2025年11月29日","READ","B08PBF233K"
"姫様“拷問”の時間です 13 (ジャンプコミックスDIGITAL)","春原ロビンソン, ひらけい","2025年11月29日","UNKNOWN","B0CP3L6YQV"
"姫様“拷問”の時間です 7 (ジャンプコミックスDIGITAL)","春原ロビンソン, ひらけい","2025年11月29日","READ","B09BDYHWN5"
"姫様“拷問”の時間です 11 (ジャンプコミックスDIGITAL)","春原ロビンソン, ひらけい","2025年11月29日","READ","B0BT4NMMP5"
"姫様“拷問”の時間です 14 (ジャンプコミックスDIGITAL)","春原ロビンソン, ひらけい","2025年11月29日","UNKNOWN","B0CTC1XMNG"
"姫様“拷問”の時間です 18 (ジャンプコミックスDIGITAL)","春原ロビンソン, ひらけい","2025年11月29日","READ","B0D9FQZMQQ"
"姫様“拷問”の時間です 15 (ジャンプコミックスDIGITAL)","春原ロビンソン, ひらけい","2025年11月29日","READ","B0CXK8B73Y"
"姫様“拷問”の時間です 17 (ジャンプコミックスDIGITAL)","春原ロビンソン, ひらけい","2025年11月29日","READ","B0F2XWBQVT"
"姫様“拷問”の時間です 8 (ジャンプコミックスDIGITAL)","春原ロビンソン, ひらけい","2025年11月29日","READ","B09MS1JQTP"
"姫様“拷問”の時間です 1 (ジャンプコミックスDIGITAL)","春原ロビンソン, ひらけい","2025年11月29日","READ","B07VM3XGBX"
"姫様“拷問”の時間です 10 (ジャンプコミックスDIGITAL)","春原ロビンソン, ひらけい","2025年11月29日","READ","B0BBTM42LH"
"姫様“拷問”の時間です 16 (ジャンプコミックスDIGITAL)","春原ロビンソン, ひらけい","2025年11月29日","READ","B0D5HW68B7"
"姫様“拷問”の時間です 4 (ジャンプコミックスDIGITAL)","春原ロビンソン, ひらけい","2025年11月29日","READ","B08KD5XDWB"
"姫様“拷問”の時間です 6 (ジャンプコミックスDIGITAL)","春原ロビンソン, ひらけい","2025年11月29日","READ","B095Y957SK"
"姫様“拷問”の時間です 2 (ジャンプコミックスDIGITAL)","春原ロビンソン, ひらけい","2025年11月29日","READ","B0833T5FKZ"
"姫様“拷問”の時間です 9 (ジャンプコミックスDIGITAL)","春原ロビンソン, ひらけい","2025年11月29日","READ","B09WMY7364"
"怪異さんと俺 《弐》【電子特典付き】 (コミックエッセイ)","ふに・無9","2025年11月29日","READ","B0FT1Z98N6"
"ドカ食いダイスキ！ もちづきさん 3 (ヤングアニマルコミックス)","まるよのかもめ","2025年11月28日","READ","B0FX3GL2TH"
"咲-Saki- 17巻 (デジタル版ヤングガンガンコミックス)","小林立","2025年11月27日","UNKNOWN","B07718T95P"
"咲-Saki- 26巻 (デジタル版ヤングガンガンコミックス)","小林立","2025年11月27日","READ","B0DYKN8S49"
"咲-Saki- 2巻 (デジタル版ヤングガンガンコミックス)","小林立","2025年11月27日","READ","B009UP2ZWW"
"咲-Saki- 14巻 (デジタル版ヤングガンガンコミックス)","小林立","2025年11月27日","READ","B010P93SFY"
"咲-Saki- 22巻 (デジタル版ヤングガンガンコミックス)","小林立","2025年11月27日","READ","B09KN8RKT2"
"咲-Saki- 11巻 (デジタル版ヤングガンガンコミックス)","小林立","2025年11月27日","UNKNOWN","B00DSI1HK8"
"咲-Saki- 10巻 (デジタル版ヤングガンガンコミックス)","小林立","2025年11月27日","UNKNOWN","B009UP30J4"
"咲-Saki- 7巻 (デジタル版ヤングガンガンコミックス)","小林立","2025年11月27日","READ","B009UP30A8"
"咲-Saki- 12巻 (デジタル版ヤングガンガンコミックス)","小林立","2025年11月27日","READ","B00H31ED9S"
"咲-Saki- 24巻 (デジタル版ヤングガンガンコミックス)","小林立","2025年11月27日","UNKNOWN","B0C6KC63CH"
"咲-Saki- 6巻 (デジタル版ヤングガンガンコミックス)","小林立","2025年11月27日","READ","B009UP3094"
"咲-Saki- 3巻 (デジタル版ヤングガンガンコミックス)","小林立","2025年11月27日","READ","B009UP2ZZ4"
"咲-Saki- 21巻 (デジタル版ヤングガンガンコミックス)","小林立","2025年11月27日","UNKNOWN","B08R5D4LMM"
"咲-Saki- 13巻 (デジタル版ヤングガンガンコミックス)","小林立","2025年11月27日","READ","B00NANDKE2"
"咲-Saki- 19巻 (デジタル版ヤングガンガンコミックス)","小林立","2025年11月27日","UNKNOWN","B07R3KN6QH"
"咲-Saki- 1巻 (デジタル版ヤングガンガンコミックス)","小林立","2025年11月27日","READ","B009UP2ZUO"
"咲-Saki- 23巻 (デジタル版ヤングガンガンコミックス)","小林立","2025年11月27日","READ","B0B87YF97J"
"咲-Saki- 8巻 (デジタル版ヤングガンガンコミックス)","小林立","2025年11月27日","UNKNOWN","B009UP30F8"
"咲-Saki- 25巻 (デジタル版ヤングガンガンコミックス)","小林立","2025年11月27日","READ","B0CZ9BBW58"
"咲-Saki- 9巻 (デジタル版ヤングガンガンコミックス)","小林立","2025年11月27日","UNKNOWN","B009UP30I0"
"咲-Saki- 4巻 (デジタル版ヤングガンガンコミックス)","小林立","2025年11月27日","READ","B009UP303U"
"咲-Saki- 18巻 (デジタル版ヤングガンガンコミックス)","小林立","2025年11月27日","UNKNOWN","B07HRQZR31"
"咲-Saki- 5巻 (デジタル版ヤングガンガンコミックス)","小林立","2025年11月27日","READ","B009UP3058"
"咲-Saki- 20巻 (デジタル版ヤングガンガンコミックス)","小林立","2025年11月27日","READ","B08598NXNG"
"咲-Saki- 16巻 (デジタル版ヤングガンガンコミックス)","小林立","2025年11月27日","UNKNOWN","B01N6AO840"
"咲-Saki- 15巻 (デジタル版ヤングガンガンコミックス)","小林立","2025年11月27日","UNKNOWN","B01CGFCPU4"
"やめろ好きになってしまう 2 (ヤングジャンプコミックスDIGITAL)","もりぐちあきら","2025年11月27日","UNKNOWN","B0FTQVXWL7"
"やめろ好きになってしまう 1 (ヤングジャンプコミックスDIGITAL)","もりぐちあきら","2025年11月27日","READ","B0FPBWRVDK"
"【Amazon.co.jp 限定】ニセモノの錬金術師　4 (MFC) (特典: 描きおろしイラスト データ配信)","うめ丸","2025年11月27日","READ","B0FH1SJF2T"
"ニセモノの錬金術師　1 (MFC)","うめ丸","2025年11月27日","READ","B0CR16T5PY"
"ニセモノの錬金術師　2 (MFC)","うめ丸","2025年11月27日","READ","B0CV4VZ8GG"
"ニセモノの錬金術師　3 (MFC)","うめ丸","2025年11月27日","READ","B0DGFLBPRN"
"ぼっち・ざ・ろっく！外伝　廣井きくりの深酒日記　６巻 (ＦＵＺコミックス)","はまじあき, くみちょう","2025年11月27日","UNKNOWN","B0FQMZMV2F"
"ぼっち・ざ・ろっく！　８巻 (まんがタイムＫＲコミックス)","はまじあき","2025年11月27日","READ","B0FQN13ZQV"
"推しとの百合はありえない！　３ (角川コミックス・エース)","ヒノサカアキ","2025年11月26日","READ","B0G1X7788Z"
"杖と剣のウィストリア（１４） (週刊少年マガジンコミックス)","大森藤ノ, 青井聖","2025年11月25日","READ","B0FXKJZ7Q2"
"小林さんちのメイドラゴン ： 18 (アクションコミックス)","クール教信者","2025年11月25日","READ","B0FSJ7DLP1"
"生徒会にも穴はある！（１１） (週刊少年マガジンコミックス)","むちまろ","2025年11月25日","READ","B0FZF929GR"
"釣って食べたいギャル澤さん 4 (ヤングジャンプコミックスDIGITAL)","ふなつかずき","2025年11月25日","UNKNOWN","B0FTQDJXLC"
"姉のともだち 3 (ヤングジャンプコミックスDIGITAL)","高瀬わか","2025年11月25日","UNKNOWN","B0FTQBCLM7"
"魔女大戦 32人の異才の魔女は殺し合う 14巻【特典イラスト付き】 (ゼノンコミックス)","河本ほむら, 塩塚誠","2025年11月25日","UNKNOWN","B0D5GF9MJJ"
"クマとウサギは友達ではいられない 2巻 (デジタル版ガンガンコミックスpixiv)","犬好晶","2025年11月25日","READ","B0FT2R2WK7"
"彩純ちゃんはレズ風俗に興味があります！: 7【イラスト特典付】 (百合姫コミックス)","伊月 クロ","2025年11月25日","READ","B0G22D53K4"
"バケモン。 第一集","ギンガム","2025年11月8日","READ","B0FZ23YZTT"
"ポンコツ魔王の田舎暮らし　5巻 (バンチコミックス)","渡邉ポポ","2025年11月8日","READ","B0FV24G1S7"
"放課後帰宅びより ： 5 (アクションコミックス)","松田舞","2025年11月5日","UNKNOWN","B0FNVM39KQ"
"魔女とくゅらす(1) (ヒーローズコミックス わいるど)","柴田康平","2025年10月29日","READ","B0FXL7YY8V"
"なぜ私たちは燃え尽きてしまうのか","ジョナサン マレシック","2025年10月24日","UNKNOWN","B0CKL34D1G"
"上伊那ぼたん、酔へる姿は百合の花　7 (ヤングチャンピオン・コミックス)","塀","2025年10月20日","READ","B0FLBH48P2"
"のあ先輩はともだち。 8 (ヤングジャンプコミックスDIGITAL)","あきやまえんま","2025年10月17日","UNKNOWN","B0FPBWVJ28"
"シャングリラ・フロンティア（２４）　～クソゲーハンター、神ゲーに挑まんとす～ (週刊少年マガジンコミックス)","硬梨菜, 不二涼介","2025年10月17日","UNKNOWN","B0FTMZHV6Q"
"一勝千金（６） (裏少年サンデーコミックス)","サンドロビッチ・ヤバ子, ＭＡＡＭ","2025年10月10日","READ","B0FRS5HJTK"
"江口さんちの純情サキュバス　１巻 (まんがタイムＫＲコミックス)","工藤える","2025年10月6日","UNKNOWN","B0F5WL96JC"
"ダンダダン 21 (ジャンプコミックスDIGITAL)","龍幸伸","2025年10月3日","READ","B0FPBXCB9K"
"氷菓　（９） (角川コミックス・エース)","タスクオーナ","2025年10月2日","READ","B0145Z9ZP6"
"氷菓　（８） (角川コミックス・エース)","タスクオーナ","2025年10月2日","READ","B00SGP0CM2"
"氷菓　（１１） (角川コミックス・エース)","タスクオーナ","2025年10月2日","READ","B076D1K4ZG"
"氷菓　（１４） (角川コミックス・エース)","タスクオーナ","2025年10月2日","READ","B09V6YZ8GZ"
"氷菓　（１５） (角川コミックス・エース)","タスクオーナ","2025年10月2日","READ","B0CBJJNTY9"
"氷菓　（６） (角川コミックス・エース)","タスクオーナ","2025年10月2日","READ","B00JXEFD0Q"
"氷菓　（７） (角川コミックス・エース)","タスクオーナ","2025年10月2日","READ","B00M3OELAQ"
"氷菓　（５） (角川コミックス・エース)","タスクオーナ","2025年10月2日","READ","B00FB4SJ2Q"
"氷菓　（３） (角川コミックス・エース)","タスクオーナ","2025年10月2日","READ","B00CBPPAZC"
"氷菓　（１） (角川コミックス・エース)","タスクオーナ","2025年10月2日","READ","B0093GAXV8"
"氷菓　（１３） (角川コミックス・エース)","タスクオーナ","2025年10月2日","READ","B08N3SVZ5F"
"氷菓　（２） (角川コミックス・エース)","タスクオーナ","2025年10月2日","READ","B00BKVHDCG"
"氷菓　（１０） (角川コミックス・エース)","タスクオーナ","2025年10月2日","READ","B01I2M62YK"
"氷菓　（４） (角川コミックス・エース)","タスクオーナ","2025年10月2日","READ","B00E18NCMU"
"氷菓　（１２） (角川コミックス・エース)","タスクオーナ","2025年10月2日","READ","B07RNJBYNQ"
"氷菓　（１６） (角川コミックス・エース)","タスクオーナ","2025年10月2日","READ","B0DJVB66QM"
"サイレント・ウィッチ　沈黙の魔女の隠しごと　ＩＩＩ (B's-LOG COMICS)","桟 とび","2025年10月2日","READ","B0CC4STWFZ"
"サイレント・ウィッチ　沈黙の魔女の隠しごと　V (B's-LOG COMICS)","桟 とび","2025年10月2日","READ","B0DTH4X8Q6"
"サイレント・ウィッチ　沈黙の魔女の隠しごと　ＩＩ (B's-LOG COMICS)","桟 とび","2025年10月2日","READ","B0BMKHG318"
"サイレント・ウィッチ　沈黙の魔女の隠しごと　VI (B's-LOG COMICS)","桟 とび","2025年10月2日","UNKNOWN","B0FM1L4FR1"
"サイレント・ウィッチ　沈黙の魔女の隠しごと　ＩV (B's-LOG COMICS)","桟 とび","2025年10月2日","READ","B0D4LSWD87"
"サイレント・ウィッチ　沈黙の魔女の隠しごと　Ｉ (B's-LOG COMICS)","桟 とび","2025年10月2日","READ","B09VS8DDT4"
"ストチル（2） (電撃コミックスNEXT)","カツヲ","2025年10月1日","READ","B0FQSW719K"
"よふかしのうた －楽園編－ (少年サンデーコミックス)","コトヤマ","2025年10月1日","READ","B0FQBZFWGC"
"ミズダコちゃんからは逃げられない！　４巻 (ＦＵＺコミックス)","眼亀","2025年10月1日","READ","B0FMDDRDL1"
"志乃と恋 ４ (MFC)","千種 みのり","2025年9月28日","READ","B0FPVRG7WT"
"星野ヒバナはみつがれる　１巻 (ＦＵＺコミックス)","なをををををを","2025年9月25日","READ","B0FJRH657T"
"ベイビー車中ハッカーズ 2 (ヤングジャンプコミックスDIGITAL)","たびれこ","2025年9月25日","READ","B0FKRFYLTM"
"ベイビー車中ハッカーズ 1 (ヤングジャンプコミックスDIGITAL)","たびれこ","2025年9月25日","READ","B0DRN7BZ5J"
"今日もビールでがんばらない～ユイとケイのカンパイリセット～【電子単行本】　3 (チャンピオンREDコミックス)","別所ユウイチ, 阿羅本景","2025年9月25日","UNKNOWN","B0FH1R193P"
"尾守つみきと奇日常。（７） (少年サンデーコミックス)","森下みゆ","2025年9月22日","UNKNOWN","B0FP29T5LS"
"しれっとすげぇこと言ってるギャル。―私立パラの丸高校の日常― 4 (ヤングジャンプコミックスDIGITAL)","松浦太一（Plott）, おつじ","2025年9月22日","READ","B0FKRXNDLL"
"殺し屋１（イチ）９","山本英夫","2025年9月20日","READ","B01LYMYYQ3"
"殺し屋１（イチ）１０","山本英夫","2025年9月20日","READ","B01LWOLFTZ"
"殺し屋１（イチ）５","山本英夫","2025年9月20日","READ","B01M1KAY0N"
"殺し屋１（イチ）４","山本英夫","2025年9月20日","READ","B01M1UXZ5O"
"殺し屋１（イチ）２","山本英夫","2025年9月20日","READ","B01M1K2Y3N"
"殺し屋１（イチ）３","山本英夫","2025年9月20日","READ","B01M0L60P5"
"殺し屋１（イチ）１","山本英夫","2025年9月20日","READ","B01LYYLBGZ"
"殺し屋１（イチ）８","山本英夫","2025年9月20日","READ","B01LYYLEFN"
"殺し屋１（イチ）６","山本英夫","2025年9月20日","READ","B01LZXU744"
"殺し屋１（イチ）７","山本英夫","2025年9月20日","READ","B01M09IH1A"
"はるかリセット　22 (チャンピオンREDコミックス)","野上武志","2025年9月19日","READ","B0FH1S2RQT"
"トリニティセブン　7人の魔書使い　コミックアンソロジー (ドラゴンコミックスエイジ)","ドラゴンエイジ編集部","2025年9月17日","UNKNOWN","B019I5E5RQ"
"トリニティセブン　7人の魔書使い　公式ガイドブック 叡智の書【電子特別版】 (ドラゴンコミックスエイジ)","ドラゴンエイジ編集部","2025年9月17日","UNKNOWN","B00VLOHZ02"
"トリニティセブンさん (ドラゴンコミックスエイジ)","森みさき","2025年9月17日","UNKNOWN","B01N29E1NJ"
"トリニティセブン　セブンデイズ (ドラゴンコミックスエイジ)","森みさき","2025年9月17日","UNKNOWN","B07P1QWGV2"
"トリニティセブン アナスタシア聖伝 1 (ドラゴンコミックスエイジ)","Bcoca","2025年9月17日","UNKNOWN","B08515ZZNC"
"トリニティセブン アナスタシア聖伝 3 (ドラゴンコミックスエイジ)","Bcoca","2025年9月17日","UNKNOWN","B09157NBP2"
"トリニティセブン アナスタシア聖伝 2 (ドラゴンコミックスエイジ)","Bcoca","2025年9月17日","UNKNOWN","B08JSQTLH5"
"トリニティセブン　レヴィ忍伝(1)【電子特別版】 (ドラゴンコミックスエイジ)","華尾 ス太郎","2025年9月17日","UNKNOWN","B01DSHC69Y"
"トリニティセブン　レヴィ忍伝(2) (ドラゴンコミックスエイジ)","華尾 ス太郎","2025年9月17日","UNKNOWN","B01J14TR7W"
"トリニティセブン　レヴィ忍伝(3) (ドラゴンコミックスエイジ)","華尾 ス太郎","2025年9月17日","UNKNOWN","B01MRD5FJ5"
"トリニティセブン　リーゼクロニクル(1) (ドラゴンコミックスエイジ)","阿倍野 ちゃこ","2025年9月17日","UNKNOWN","B074748V6G"
"トリニティセブン　リーゼクロニクル(2) (ドラゴンコミックスエイジ)","阿倍野 ちゃこ","2025年9月17日","UNKNOWN","B079DKC85N"
"トリニティセブン　リーゼクロニクル(3) (ドラゴンコミックスエイジ)","阿倍野 ちゃこ","2025年9月17日","UNKNOWN","B07DZZ7BZH"
"トリニティセブン　7人の魔書使い(26) トリニティセブン　７人の魔書使い (ドラゴンコミックスエイジ)","奈央 晃徳","2025年9月16日","READ","B09H6G6HV3"
"トリニティセブン　7人の魔書使い(25) トリニティセブン　７人の魔書使い (ドラゴンコミックスエイジ)","奈央 晃徳","2025年9月16日","READ","B091572CBR"
"トリニティセブン　7人の魔書使い(17) トリニティセブン　７人の魔書使い (ドラゴンコミックスエイジ)","奈央 晃徳","2025年9月16日","READ","B07479TPG7"
"トリニティセブン　7人の魔書使い(13) トリニティセブン　７人の魔書使い (ドラゴンコミックスエイジ)","奈央 晃徳","2025年9月16日","READ","B019I5E4XG"
"トリニティセブン　7人の魔書使い(9) トリニティセブン　７人の魔書使い (ドラゴンコミックスエイジ)","奈央 晃徳","2025年9月16日","READ","B00MIFE3DU"
"トリニティセブン　7人の魔書使い(20) トリニティセブン　７人の魔書使い (ドラゴンコミックスエイジ)","奈央 晃徳","2025年9月16日","READ","B07P2W7TN9"
"トリニティセブン　7人の魔書使い(3) トリニティセブン　７人の魔書使い (ドラゴンコミックスエイジ)","奈央 晃徳","2025年9月16日","READ","B0093T5WK2"
"トリニティセブン　7人の魔書使い(14) トリニティセブン　７人の魔書使い (ドラゴンコミックスエイジ)","奈央 晃徳","2025年9月16日","READ","B01DSHC6AI"
"トリニティセブン　7人の魔書使い(6) トリニティセブン　７人の魔書使い (ドラゴンコミックスエイジ)","奈央 晃徳","2025年9月16日","READ","B00CYY7LU2"
"トリニティセブン　7人の魔書使い(12) トリニティセブン　７人の魔書使い (ドラゴンコミックスエイジ)","奈央 晃徳","2025年9月16日","READ","B013D0FKSU"
"トリニティセブン　7人の魔書使い(15) トリニティセブン　７人の魔書使い (ドラゴンコミックスエイジ)","奈央 晃徳","2025年9月16日","READ","B01J14TTS4"
"トリニティセブン　7人の魔書使い(8) トリニティセブン　７人の魔書使い (ドラゴンコミックスエイジ)","奈央 晃徳","2025年9月16日","READ","B00JGI543K"
"トリニティセブン　7人の魔書使い(24) トリニティセブン　７人の魔書使い (ドラゴンコミックスエイジ)","奈央 晃徳","2025年9月16日","UNKNOWN","B08JSPZWCH"
"トリニティセブン　7人の魔書使い(21) トリニティセブン　７人の魔書使い (ドラゴンコミックスエイジ)","奈央 晃徳","2025年9月16日","READ","B07VNQCS28"
"トリニティセブン　7人の魔書使い(22) トリニティセブン　７人の魔書使い (ドラゴンコミックスエイジ)","奈央 晃徳","2025年9月16日","READ","B08515BLWW"
"トリニティセブン　7人の魔書使い(10)【電子特別版】 トリニティセブン　７人の魔書使い (ドラゴンコミックスエイジ)","奈央 晃徳","2025年9月16日","READ","B00P23YGBY"
"トリニティセブン　7人の魔書使い(2) トリニティセブン　７人の魔書使い (ドラゴンコミックスエイジ)","奈央 晃徳","2025年9月16日","READ","B0093T5WHA"
"トリニティセブン　7人の魔書使い(27) トリニティセブン　７人の魔書使い (ドラゴンコミックスエイジ)","奈央 晃徳","2025年9月16日","UNKNOWN","B09WH2QV77"
"トリニティセブン　7人の魔書使い(4) トリニティセブン　７人の魔書使い (ドラゴンコミックスエイジ)","奈央 晃徳","2025年9月16日","READ","B00ABE02FS"
"トリニティセブン　7人の魔書使い(5) トリニティセブン　７人の魔書使い (ドラゴンコミックスエイジ)","奈央 晃徳","2025年9月16日","READ","B00BAPP17G"
"トリニティセブン　7人の魔書使い(18) トリニティセブン　７人の魔書使い (ドラゴンコミックスエイジ)","奈央 晃徳","2025年9月16日","READ","B079DJSJHW"
"トリニティセブン　7人の魔書使い(23) トリニティセブン　７人の魔書使い (ドラゴンコミックスエイジ)","奈央 晃徳","2025年9月16日","READ","B0895D35DB"
"トリニティセブン　7人の魔書使い(29) トリニティセブン　７人の魔書使い (ドラゴンコミックスエイジ)","奈央 晃徳","2025年9月16日","UNKNOWN","B0C32LRV4T"
"トリニティセブン　7人の魔書使い(32) トリニティセブン　７人の魔書使い (ドラゴンコミックスエイジ)","奈央 晃徳","2025年9月16日","UNKNOWN","B0DXZ5QRN9"
"トリニティセブン　7人の魔書使い(19) トリニティセブン　７人の魔書使い (ドラゴンコミックスエイジ)","奈央 晃徳","2025年9月16日","READ","B07F14MFYQ"
"トリニティセブン　7人の魔書使い(31) トリニティセブン　７人の魔書使い (ドラゴンコミックスエイジ)","奈央 晃徳","2025年9月16日","UNKNOWN","B0D8QF8ZC3"
"トリニティセブン　7人の魔書使い(16) トリニティセブン　７人の魔書使い (ドラゴンコミックスエイジ)","奈央 晃徳","2025年9月16日","READ","B01MSEHXS4"
"トリニティセブン　七人の魔道士と日常風景(15.5) トリニティセブン　７人の魔書使い (ドラゴンコミックスエイジ)","奈央 晃徳","2025年9月16日","READ","B01MRZVHFA"
"トリニティセブン　7人の魔書使い(11)【電子特別版】 トリニティセブン　７人の魔書使い (ドラゴンコミックスエイジ)","奈央 晃徳","2025年9月16日","READ","B00VLOHQYM"
"トリニティセブン　7人の魔書使い(30) トリニティセブン　７人の魔書使い (ドラゴンコミックスエイジ)","奈央 晃徳","2025年9月16日","UNKNOWN","B0CP23GFH9"
"トリニティセブン　7人の魔書使い(28) トリニティセブン　７人の魔書使い (ドラゴンコミックスエイジ)","奈央 晃徳","2025年9月16日","UNKNOWN","B0BG24JQV9"
"トリニティセブン　7人の魔書使い(7) トリニティセブン　７人の魔書使い (ドラゴンコミックスエイジ)","奈央 晃徳","2025年9月16日","READ","B00H4YIAKC"
"トリニティセブン　7人の魔書使い(1) トリニティセブン　７人の魔書使い (ドラゴンコミックスエイジ)","奈央 晃徳","2025年9月16日","READ","B0093T5WC0"
"ＷＩＮＤ　ＢＲＥＡＫＥＲ（２３） (マガジンポケットコミックス)","にいさとる","2025年9月10日","UNKNOWN","B0FNVMB2JQ"
"オタクに優しいギャルに私はなる！（４） (星海社コミックス)","ｓｕｇａｒ．","2025年9月10日","UNKNOWN","B0FNWDJK5S"
"凶乱令嬢ニア・リストン 病弱令嬢に転生した神殺しの武人の華麗なる無双録 7巻 (デジタル版ガンガンコミックスＵＰ！)","南野海風, 古代甲, 磁石, 刀 彼方","2025年9月5日","READ","B0FK4SWQ7M"
"ガイド役の天使を殴り倒したら、死霊術師になりました４　～裏イベントを最速で引き当てた結果、世界が終焉を迎えるそうです～【電子書店共通特典SS付】 (アース・スターノベル)","エリーゼ","2025年9月4日","UNKNOWN","B0F42V14TG"
"ガイド役の天使を殴り倒したら、死霊術師になりました３　～裏イベントを最速で引き当てた結果、世界が終焉を迎えるそうです～【Kindle限定特典付】 (アース・スターノベル)","エリーゼ","2025年9月4日","UNKNOWN","B0DPLF9QW8"
"ガイド役の天使を殴り倒したら、死霊術師になりました２　～裏イベントを最速で引き当てた結果、世界が終焉を迎えるそうです～【電子書店共通特典SS付】 (アース・スターノベル)","エリーゼ","2025年9月4日","READ","B0DCGFW1RG"
"君への湿度100ぱーせんと (コミックエッセイ)","tunyaoisi","2025年9月4日","READ","B0FNC27TCL"
"チームトポロジー　価値あるソフトウェアをすばやく届ける適応型組織設計","マシュー・スケルトン, マニュエル・パイス","2025年8月30日","UNKNOWN","B09MS8BML8"
"ガイド役の天使を殴り倒したら、死霊術師になりました１　～裏イベントを最速で引き当てた結果、世界が終焉を迎えるそうです～ (アース・スターノベル)","エリーゼ","2025年8月30日","UNKNOWN","B0D3HLML3K"
"陰キャギャルでもイキがりたい！: 3【イラスト特典付】 (百合姫コミックス)","かしわぎ つきこ","2025年8月27日","READ","B0FM755W42"
"LIAR GAME 18 (ヤングジャンプコミックスDIGITAL)","甲斐谷忍","2025年8月25日","READ","B00S63GD86"
"LIAR GAME 3 (ヤングジャンプコミックスDIGITAL)","甲斐谷忍","2025年8月25日","READ","B009GZIUE8"
"LIAR GAME 19 (ヤングジャンプコミックスDIGITAL)","甲斐谷忍","2025年8月25日","READ","B00XHS123G"
"LIAR GAME 11 (ヤングジャンプコミックスDIGITAL)","甲斐谷忍","2025年8月25日","READ","B009GZIVQU"
"LIAR GAME 2 (ヤングジャンプコミックスDIGITAL)","甲斐谷忍","2025年8月25日","READ","B009GZIU84"
"LIAR GAME 9 (ヤングジャンプコミックスDIGITAL)","甲斐谷忍","2025年8月25日","READ","B009GZIVBU"
"LIAR GAME 7 (ヤングジャンプコミックスDIGITAL)","甲斐谷忍","2025年8月25日","READ","B009GZIV88"
"LIAR GAME 14 (ヤングジャンプコミックスDIGITAL)","甲斐谷忍","2025年8月25日","READ","B00BCY4UFO"
"LIAR GAME 15 (ヤングジャンプコミックスDIGITAL)","甲斐谷忍","2025年8月25日","READ","B00BCY4ULS"
"LIAR GAME 4 (ヤングジャンプコミックスDIGITAL)","甲斐谷忍","2025年8月25日","READ","B009GZIUKW"
"LIAR GAME 8 (ヤングジャンプコミックスDIGITAL)","甲斐谷忍","2025年8月25日","READ","B009GZIVC4"
"LIAR GAME 12 (ヤングジャンプコミックスDIGITAL)","甲斐谷忍","2025年8月25日","READ","B009GZIVYC"
"LIAR GAME 5 (ヤングジャンプコミックスDIGITAL)","甲斐谷忍","2025年8月25日","READ","B009GZIUM0"
"LIAR GAME 10 (ヤングジャンプコミックスDIGITAL)","甲斐谷忍","2025年8月25日","READ","B009GZIVEC"
"LIAR GAME 1 (ヤングジャンプコミックスDIGITAL)","甲斐谷忍","2025年8月25日","READ","B009GZIU4S"
"LIAR GAME 16 (ヤングジャンプコミックスDIGITAL)","甲斐谷忍","2025年8月25日","READ","B00E7QLNRC"
"LIAR GAME 6 (ヤングジャンプコミックスDIGITAL)","甲斐谷忍","2025年8月25日","READ","B009GZIV4W"
"LIAR GAME 17 (ヤングジャンプコミックスDIGITAL)","甲斐谷忍","2025年8月25日","READ","B00O8K2C4U"
"LIAR GAME 13 (ヤングジャンプコミックスDIGITAL)","甲斐谷忍","2025年8月25日","READ","B00BCY4UF4"
"きさらぎ異聞: 4【イラスト特典付】 (HOWLコミックス)","x0o0x_, 筒井 いつき","2025年8月25日","READ","B0FM71F4SS"
"みことちゃんは嫌われたくない！４ (コミックエッセイ)","Pt","2025年8月20日","READ","B0FL6PR9FW"
"シャングリラ・フロンティア（２３）　～クソゲーハンター、神ゲーに挑まんとす～ (週刊少年マガジンコミックス)","硬梨菜, 不二涼介","2025年8月13日","UNKNOWN","B0FK9743QX"
"マスタリングTCP/IP　入門編（第6版）","井上直也, 村山公保, 竹下隆史, 荒井透, 苅田幸雄","2025年8月2日","UNKNOWN","B0827QNDNT"
"一畳間まんきつ暮らし！　４巻 (まんがタイムＫＲコミックス)","ひさまくまこ","2025年7月28日","READ","B0FFGW4QH8"
"一畳間まんきつ暮らし！　２巻 (まんがタイムＫＲコミックス)","ひさまくまこ","2025年7月28日","READ","B08V1F9H96"
"一畳間まんきつ暮らし！　３巻 (まんがタイムＫＲコミックス)","ひさまくまこ","2025年7月28日","READ","B0BBPWM656"
"一畳間まんきつ暮らし！　１巻 (まんがタイムＫＲコミックス)","ひさまくまこ","2025年7月28日","READ","B07ZKNQXC6"
"ばっどがーる　５巻 (まんがタイムＫＲコミックス)","肉丸","2025年7月26日","READ","B0F8BBF999"
"クマとウサギは友達ではいられない 1巻 (デジタル版ガンガンコミックスpixiv)","犬好晶","2025年7月26日","READ","B0FB8WTHYZ"
"スーパーの裏でヤニ吸うふたり 7巻 (デジタル版ビッグガンガンコミックス)","地主","2025年7月25日","READ","B0FB8H57JR"
"ミタメトウラハラ【連載版】 1","ウラベスナヒト","2025年7月19日","READ","B0FF44ZDXH"
"妖しいね☆わたしの弟ギョーメイくん 2巻 (デジタル版ガンガンコミックスJOKER)","丸尾ろこミ゛","2025年7月19日","READ","B0F2MBK67D"
"妖しいね☆わたしの弟ギョーメイくん 1巻 (デジタル版ガンガンコミックスJOKER)","丸尾ろこミ゛","2025年7月19日","READ","B0D2L2VWS9"
"魔女大戦 32人の異才の魔女は殺し合う 13巻【特典イラスト付き】 (ゼノンコミックス)","河本ほむら, 塩塚誠","2025年7月18日","READ","B0FDKBL453"
"釣って食べたいギャル澤さん 3 (ヤングジャンプコミックスDIGITAL)","ふなつかずき","2025年7月18日","READ","B0FBLRC4X4"
"のあ先輩はともだち。 7 (ヤングジャンプコミックスDIGITAL)","あきやまえんま","2025年7月18日","READ","B0FBLRBRMX"
"生徒会にも穴はある！（１０） (週刊少年マガジンコミックス)","むちまろ","2025年7月18日","READ","B0FGHZQNT8"
"三者三葉　3巻 (まんがタイムＫＲコミックス)","荒井チェリー","2025年7月10日","UNKNOWN","B00CA084CE"
"三者三葉　1巻 (まんがタイムＫＲコミックス)","荒井チェリー","2025年7月10日","UNKNOWN","B00CA0840G"
"ＧＡ 芸術科アートデザインクラス　２巻 GA　芸術科アートデザインクラス (まんがタイムＫＲコミックス)","きゆづきさとこ","2025年7月10日","UNKNOWN","B00CA085LE"
"ＧＡ 芸術科アートデザインクラス　１巻 GA　芸術科アートデザインクラス (まんがタイムＫＲコミックス)","きゆづきさとこ","2025年7月10日","UNKNOWN","B00CA08596"
"ゆゆ式　3巻 (まんがタイムＫＲコミックス)","三上小又","2025年7月10日","UNKNOWN","B00CA08730"
"ゆゆ式　2巻 (まんがタイムＫＲコミックス)","三上小又","2025年7月10日","UNKNOWN","B00CA0872G"
"ゆゆ式　1巻 (まんがタイムＫＲコミックス)","三上小又","2025年7月10日","UNKNOWN","B00CA086WM"
"ひだまりスケッチ　２巻 (まんがタイムＫＲコミックス)","蒼樹うめ","2025年7月10日","READ","B00X9CDPBC"
"ひだまりスケッチ　１巻 (まんがタイムＫＲコミックス)","蒼樹うめ","2025年7月10日","READ","B00X9CDPE4"
"杖と剣のウィストリア（１３） (週刊少年マガジンコミックス)","大森藤ノ, 青井聖","2025年7月9日","READ","B0FFLWZ39Z"
"この素晴らしい世界に祝福を！(21) (ドラゴンコミックスエイジ)","渡 真仁","2025年7月9日","READ","B0FFJY8ZH8"
"臨終トーナメント","やがみ","2025年7月6日","UNKNOWN","B0FD8DQ2BZ"
"ダンダダン 20 (ジャンプコミックスDIGITAL)","龍幸伸","2025年7月5日","READ","B0FBLR4J85"
"百合癖シチュ100 vol.1 (百合コレ)","熱海天使","2025年6月26日","READ","B0FCQX1BHB"
"欠けた月とドーナッツ: 3【イラスト特典付】 (百合姫コミックス)","雨水 汐","2025年6月25日","UNKNOWN","B09G5LBXLC"
"欠けた月とドーナッツ: 4【イラスト特典付】 (百合姫コミックス)","雨水 汐","2025年6月25日","UNKNOWN","B0B6B7RLTG"
"欠けた月とドーナッツ: 1【イラスト特典付】 (百合姫コミックス)","雨水 汐","2025年6月25日","UNKNOWN","B083TFMZYD"
"欠けた月とドーナッツ: 2【電子限定描き下ろし漫画付き】 (百合姫コミックス)","雨水 汐","2025年6月25日","UNKNOWN","B08ND4XPJ9"
"ミズダコちゃんからは逃げられない！　２巻 (ＦＵＺコミックス)","眼亀","2025年6月25日","READ","B0DD6Z44CS"
"ミズダコちゃんからは逃げられない！　１巻 (ＦＵＺコミックス)","眼亀","2025年6月25日","READ","B0D2NQSXMJ"
"ミズダコちゃんからは逃げられない！　３巻 (ＦＵＺコミックス)","眼亀","2025年6月25日","READ","B0DX78YRQ9"
"地雷なんですか？地原さん(7) (GANMA!)","りょん","2025年6月25日","READ","B0FDQDWLPF"
"尾守つみきと奇日常。（６） (少年サンデーコミックス)","森下みゆ","2025年6月22日","READ","B0F9P2W24V"
"尾守つみきと奇日常。（５） (少年サンデーコミックス)","森下みゆ","2025年6月22日","READ","B0DYDHRZY8"
"尾守つみきと奇日常。（４） (少年サンデーコミックス)","森下みゆ","2025年6月22日","READ","B0D4RLMGFG"
"尾守つみきと奇日常。（３） (少年サンデーコミックス)","森下みゆ","2025年6月22日","READ","B0D31T8FZ4"
"はるかリセット　21 (チャンピオンREDコミックス)","野上武志","2025年6月19日","READ","B0F468G1BT"
"私の推しは悪役令嬢。: 6【イラスト特典付】 (百合姫コミックス)","青乃 下, いのり。, 花ヶ田","2025年6月18日","UNKNOWN","B0C535SCK4"
"私の推しは悪役令嬢。: 3【イラスト特典付】 (百合姫コミックス)","青乃 下, いのり。, 花ヶ田","2025年6月18日","UNKNOWN","B09NN4QJBC"
"私の推しは悪役令嬢。: 5【イラスト特典付】 (百合姫コミックス)","青乃 下, いのり。, 花ヶ田","2025年6月18日","UNKNOWN","B0BPWP9QTH"
"私の推しは悪役令嬢。: 4【イラスト特典付】 (百合姫コミックス)","青乃 下, いのり。, 花ヶ田","2025年6月18日","READ","B0B415TNZC"
"私の推しは悪役令嬢。: 9【イラスト特典付】 (百合姫コミックス)","青乃 下, いのり。, 花ヶ田","2025年6月18日","UNKNOWN","B0DK2PVJ73"
"私の推しは悪役令嬢。: 2【イラスト特典付】 (百合姫コミックス)","青乃 下, いのり。, 花ヶ田","2025年6月18日","UNKNOWN","B0976QV2MS"
"私の推しは悪役令嬢。: 8【イラスト特典付】 (百合姫コミックス)","青乃 下, いのり。, 花ヶ田","2025年6月18日","UNKNOWN","B0D1K18QPW"
"私の推しは悪役令嬢。: 1【イラスト特典付】 (百合姫コミックス)","青乃 下, いのり。, 花ヶ田","2025年6月18日","UNKNOWN","B08Q3LMCT3"
"私の推しは悪役令嬢。: 7【イラスト特典付】 (百合姫コミックス)","青乃 下, いのり。, 花ヶ田","2025年6月18日","UNKNOWN","B0CJV7SFTM"
"私の推しは悪役令嬢。: 10【イラスト特典付】 (百合姫コミックス)","青乃 下, いのり。, 花ヶ田","2025年6月18日","UNKNOWN","B0F4Q9935X"
"君としらない夏になる: 1【イラスト特典付】 (百合姫コミックス)","きぃやん","2025年6月18日","READ","B09VGF228Y"
"君としらない夏になる: 3【イラスト特典付】 (百合姫コミックス)","きぃやん","2025年6月18日","READ","B0CHV818NS"
"君としらない夏になる: 2【イラスト特典付】 (百合姫コミックス)","きぃやん","2025年6月18日","UNKNOWN","B0BJ1MCJL6"
"きさらぎ異聞: 3【イラスト特典付】 (HOWLコミックス)","x0o0x_, 筒井 いつき","2025年6月18日","READ","B0DQ3NRQCC"
"きさらぎ異聞: 2【イラスト特典付】 (HOWLコミックス)","x0o0x_, 筒井 いつき","2025年6月18日","READ","B0CW1G4RP9"
"きさらぎ異聞: 1 (HOWLコミックス)","x0o0x_, 筒井 いつき","2025年6月18日","READ","B0CS2RRHG9"
"ＷＩＮＤ　ＢＲＥＡＫＥＲ（２２） (マガジンポケットコミックス)","にいさとる","2025年6月14日","UNKNOWN","B0F9YG2QTY"
"小林さんちのメイドラゴン ： 17 (アクションコミックス)","クール教信者","2025年6月13日","READ","B0F652N2FM"
"僕の心のヤバイやつ　12 (少年チャンピオン・コミックス)","桜井のりお","2025年6月6日","READ","B0F47QD3FD"
"小林さんちのメイドラゴン ： 16 (アクションコミックス)","クール教信者","2025年6月5日","READ","B0DRC4ZTCW"
"小林さんちのメイドラゴン ： 15 (アクションコミックス)","クール教信者","2025年6月5日","READ","B0CWDJSZJJ"
"小林さんちのメイドラゴン ： 14 (アクションコミックス)","クール教信者","2025年6月5日","READ","B0CCXT952L"
"小林さんちのメイドラゴン ： 13 (アクションコミックス)","クール教信者","2025年6月5日","READ","B0BH4518XK"
"小林さんちのメイドラゴン ： 12 (アクションコミックス)","クール教信者","2025年6月5日","READ","B09D41MWQG"
"小林さんちのメイドラゴン ： 11【電子版は水着回がフルカラーだよ】 (アクションコミックス)","クール教信者","2025年6月5日","READ","B08WPM4Q8P"
"小林さんちのメイドラゴン ： 10 (アクションコミックス)","クール教信者","2025年6月5日","READ","B08B5V165G"
"小林さんちのメイドラゴン ： 9 【電子コミック限定特典付き】 (アクションコミックス)","クール教信者","2025年6月5日","READ","B07XTCYZM5"
"小林さんちのメイドラゴン ： 8 (アクションコミックス)","クール教信者","2025年6月5日","READ","B07M8RH133"
"ぼっち・ざ・ろっく！外伝　廣井きくりの深酒日記　５巻 (ＦＵＺコミックス)","はまじあき, くみちょう","2025年6月2日","READ","B0F4D3K36Y"
"放課後帰宅びより ： 4 (アクションコミックス)","松田舞","2025年6月1日","READ","B0DV825S5Z"
"放課後帰宅びより ： 2 (アクションコミックス)","松田舞","2025年6月1日","READ","B0D2R1YX7W"
"放課後帰宅びより ： 3 (アクションコミックス)","松田舞","2025年6月1日","READ","B0D21CL1YK"
"放課後帰宅びより ： 1 (アクションコミックス)","松田舞","2025年5月31日","READ","B0CP95FPJ4"
"杖と剣のウィストリア（１２） (週刊少年マガジンコミックス)","大森藤ノ, 青井聖","2025年5月29日","UNKNOWN","B0DXZGRMQY"
"魔女大戦 32人の異才の魔女は殺し合う 12巻【特典イラスト付き】 (ゼノンコミックス)","河本ほむら, 塩塚誠","2025年5月29日","READ","B0DVYR9V7G"
"片田舎のおっさん、剣聖になる～ただの田舎の剣術師範だったのに、大成した弟子たちが俺を放ってくれない件～　6 (ヤングチャンピオン・コミックス)","乍藤和樹, 佐賀崎しげる, 鍋島テツヒロ","2025年5月29日","READ","B0D6YLZ54S"
"片田舎のおっさん、剣聖になる～ただの田舎の剣術師範だったのに、大成した弟子たちが俺を放ってくれない件～　2 (ヤングチャンピオン・コミックス)","乍藤和樹, 佐賀崎しげる, 鍋島テツヒロ","2025年5月29日","READ","B09ZB8J2SS"
"片田舎のおっさん、剣聖になる～ただの田舎の剣術師範だったのに、大成した弟子たちが俺を放ってくれない件～　4 (ヤングチャンピオン・コミックス)","乍藤和樹, 佐賀崎しげる, 鍋島テツヒロ","2025年5月29日","READ","B0CBBTPV55"
"片田舎のおっさん、剣聖になる～ただの田舎の剣術師範だったのに、大成した弟子たちが俺を放ってくれない件～　1 (ヤングチャンピオン・コミックス)","乍藤和樹, 佐賀崎しげる, 鍋島テツヒロ","2025年5月29日","READ","B09P88P2QD"
"片田舎のおっさん、剣聖になる～ただの田舎の剣術師範だったのに、大成した弟子たちが俺を放ってくれない件～　5 (ヤングチャンピオン・コミックス)","乍藤和樹, 佐賀崎しげる, 鍋島テツヒロ","2025年5月29日","READ","B0CNPP536Q"
"片田舎のおっさん、剣聖になる～ただの田舎の剣術師範だったのに、大成した弟子たちが俺を放ってくれない件～　3 (ヤングチャンピオン・コミックス)","乍藤和樹, 佐賀崎しげる, 鍋島テツヒロ","2025年5月29日","READ","B0BTPHYH65"
"片田舎のおっさん、剣聖になる～ただの田舎の剣術師範だったのに、大成した弟子たちが俺を放ってくれない件～　7 (ヤングチャンピオン・コミックス)","乍藤和樹, 佐賀崎しげる, 鍋島テツヒロ","2025年5月29日","READ","B0DTT4H28Z"
"月のテネメント (4コマKINGSぱれっとコミックス)","塀","2025年5月29日","UNKNOWN","B07DV2YVMB"
"ボーイッシュ彼女が可愛すぎる 2巻 (デジタル版ガンガンコミックスpixiv)","牛乳麦ご飯","2025年5月24日","UNKNOWN","B0F2MDLZZ3"
"このクラスにギャルはいない 2 (ジャンプコミックスDIGITAL)","時田時雨","2025年5月24日","READ","B0F2XWC484"
"このクラスにギャルはいない 1 (ジャンプコミックスDIGITAL)","時田時雨","2025年5月24日","READ","B0DRN4DQBL"
"一勝千金（５） (裏少年サンデーコミックス)","サンドロビッチ・ヤバ子, ＭＡＡＭ","2025年5月12日","READ","B0F5PX9741"
"ポンコツ魔王の田舎暮らし　4巻 (バンチコミックス)","渡邉ポポ","2025年5月9日","READ","B0F3N72BK6"
"ストチル（1） (電撃コミックスNEXT)","カツヲ","2025年4月29日","READ","B0F1C4TYFL"
"ＷＩＮＤ　ＢＲＥＡＫＥＲ（１６） (マガジンポケットコミックス)","にいさとる","2025年4月29日","READ","B0CW8HL98N"
"ＷＩＮＤ　ＢＲＥＡＫＥＲ（２） (マガジンポケットコミックス)","にいさとる","2025年4月29日","READ","B09836MV3D"
"ＷＩＮＤ　ＢＲＥＡＫＥＲ（１９） (マガジンポケットコミックス)","にいさとる","2025年4月29日","READ","B0DHWRWVJR"
"ＷＩＮＤ　ＢＲＥＡＫＥＲ（９） (マガジンポケットコミックス)","にいさとる","2025年4月29日","READ","B0BGH3G5VD"
"ＷＩＮＤ　ＢＲＥＡＫＥＲ（３） (マガジンポケットコミックス)","にいさとる","2025年4月29日","READ","B09DSNBK5G"
"ＷＩＮＤ　ＢＲＥＡＫＥＲ（１３） (マガジンポケットコミックス)","にいさとる","2025年4月29日","READ","B0CCXNGY71"
"ＷＩＮＤ　ＢＲＥＡＫＥＲ（１４） (マガジンポケットコミックス)","にいさとる","2025年4月29日","READ","B0CLV5PZ5P"
"ＷＩＮＤ　ＢＲＥＡＫＥＲ（１２） (マガジンポケットコミックス)","にいさとる","2025年4月29日","READ","B0C6D3JXVH"
"ＷＩＮＤ　ＢＲＥＡＫＥＲ（６） (マガジンポケットコミックス)","にいさとる","2025年4月29日","READ","B09TDYTX4C"
"ＷＩＮＤ　ＢＲＥＡＫＥＲ（１７） (マガジンポケットコミックス)","にいさとる","2025年4月29日","READ","B0D1NNF9VZ"
"ＷＩＮＤ　ＢＲＥＡＫＥＲ（７） (マガジンポケットコミックス)","にいさとる","2025年4月29日","READ","B0B2K38VDC"
"ＷＩＮＤ　ＢＲＥＡＫＥＲ（８） (マガジンポケットコミックス)","にいさとる","2025年4月29日","READ","B0B7W5TNC7"
"ＷＩＮＤ　ＢＲＥＡＫＥＲ（５） (マガジンポケットコミックス)","にいさとる","2025年4月29日","READ","B09P1857DW"
"ＷＩＮＤ　ＢＲＥＡＫＥＲ（２０） (マガジンポケットコミックス)","にいさとる","2025年4月29日","READ","B0DQW2RHPG"
"ＷＩＮＤ　ＢＲＥＡＫＥＲ（４） (マガジンポケットコミックス)","にいさとる","2025年4月29日","READ","B09KTY52JC"
"ＷＩＮＤ　ＢＲＥＡＫＥＲ（１５） (マガジンポケットコミックス)","にいさとる","2025年4月29日","READ","B0CQNZKG74"
"ＷＩＮＤ　ＢＲＥＡＫＥＲ（１１） (マガジンポケットコミックス)","にいさとる","2025年4月29日","READ","B0BZNM3B25"
"ＷＩＮＤ　ＢＲＥＡＫＥＲ（１０） (マガジンポケットコミックス)","にいさとる","2025年4月29日","READ","B0BQHD15TC"
"ＷＩＮＤ　ＢＲＥＡＫＥＲ（２１） (マガジンポケットコミックス)","にいさとる","2025年4月29日","READ","B0DXZ36H6W"
"ＷＩＮＤ　ＢＲＥＡＫＥＲ（１８） (マガジンポケットコミックス)","にいさとる","2025年4月29日","READ","B0DB7BBGGJ"
"ドカ食いダイスキ！ もちづきさん 2 (ヤングアニマルコミックス)","まるよのかもめ","2025年4月28日","READ","B0F1DTHMRT"
"LeanとDevOpsの科学［Accelerate］ テクノロジーの戦略的活用が組織変革を加速する impress top gearシリーズ","Nicole Forsgren Ph.D., Jez Humble, Gene Kim, 武舎広幸, 武舎るみ","2025年4月27日","UNKNOWN","B07L2R3LTN"
"ゼロから学ぶＲｕｓｔ　システムプログラミングの基礎から線形型システムまで (ＫＳ情報科学専門書)","高野祐輝","2025年4月27日","UNKNOWN","B0BXL5KS57"
"凶乱令嬢ニア・リストン 病弱令嬢に転生した神殺しの武人の華麗なる無双録 4巻 (デジタル版ガンガンコミックスＵＰ！)","南野海風, 古代甲, 磁石, 刀 彼方","2025年4月26日","READ","B0D396JF4C"
"凶乱令嬢ニア・リストン 病弱令嬢に転生した神殺しの武人の華麗なる無双録 5巻 (デジタル版ガンガンコミックスＵＰ！)","南野海風, 古代甲, 磁石, 刀 彼方","2025年4月26日","READ","B0DL5HYZX3"
"凶乱令嬢ニア・リストン 病弱令嬢に転生した神殺しの武人の華麗なる無双録 2巻 (デジタル版ガンガンコミックスＵＰ！)","南野海風, 古代甲, 磁石","2025年4月26日","READ","B0CCVD55RJ"
"凶乱令嬢ニア・リストン 病弱令嬢に転生した神殺しの武人の華麗なる無双録 6巻 (デジタル版ガンガンコミックスＵＰ！)","南野海風, 古代甲, 磁石, 刀 彼方","2025年4月26日","READ","B0DYK9GPB3"
"凶乱令嬢ニア・リストン 病弱令嬢に転生した神殺しの武人の華麗なる無双録 3巻 (デジタル版ガンガンコミックスＵＰ！)","南野海風, 古代甲, 磁石, 刀 彼方","2025年4月26日","READ","B0CQYC26CQ"
"今日もビールでがんばらない～ユイとケイのカンパイリセット～【電子単行本】　2 (チャンピオンREDコミックス)","別所ユウイチ, 阿羅本景","2025年4月18日","READ","B0DXKD5BNB"
"のあ先輩はともだち。 6 (ヤングジャンプコミックスDIGITAL)","あきやまえんま","2025年4月17日","UNKNOWN","B0DZ24RT8R"
"シャングリラ・フロンティア（２２）　～クソゲーハンター、神ゲーに挑まんとす～ (週刊少年マガジンコミックス)","硬梨菜, 不二涼介","2025年4月16日","UNKNOWN","B0F3FWZ9J6"
"水姫先輩の恋占い 6 (ヤングアニマルコミックス)","シロサワ","2025年4月9日","READ","B0DXDFQ4C9"
"ダンダダン 6 (ジャンプコミックスDIGITAL)","龍幸伸","2025年4月4日","READ","B0B55TJF4Y"
"ダンダダン 12 (ジャンプコミックスDIGITAL)","龍幸伸","2025年4月4日","READ","B0CM38Y6CY"
"ダンダダン 3 (ジャンプコミックスDIGITAL)","龍幸伸","2025年4月4日","READ","B09KV44RD7"
"ダンダダン 16 (ジャンプコミックスDIGITAL)","龍幸伸","2025年4月4日","READ","B0CXFFTGHJ"
"ダンダダン 13 (ジャンプコミックスDIGITAL)","龍幸伸","2025年4月4日","READ","B0CP3LZF98"
"ダンダダン 18 (ジャンプコミックスDIGITAL)","龍幸伸","2025年4月4日","READ","B0DPF2538F"
"ダンダダン 11 (ジャンプコミックスDIGITAL)","龍幸伸","2025年4月4日","READ","B0C9LGZ73V"
"ダンダダン 15 (ジャンプコミックスDIGITAL)","龍幸伸","2025年4月4日","READ","B0D59S5SXT"
"ダンダダン 1 (ジャンプコミックスDIGITAL)","龍幸伸","2025年4月4日","READ","B09835S52H"
"ダンダダン 8 (ジャンプコミックスDIGITAL)","龍幸伸","2025年4月4日","READ","B0BNL64SHB"
"ダンダダン 4 (ジャンプコミックスDIGITAL)","龍幸伸","2025年4月4日","READ","B09R9XPGCR"
"ダンダダン 14 (ジャンプコミックスDIGITAL)","龍幸伸","2025年4月4日","READ","B0CWB5V238"
"ダンダダン 2 (ジャンプコミックスDIGITAL)","龍幸伸","2025年4月4日","READ","B09DKJQVTG"
"ダンダダン 17 (ジャンプコミックスDIGITAL)","龍幸伸","2025年4月4日","READ","B0DJB79SFF"
"ダンダダン 5 (ジャンプコミックスDIGITAL)","龍幸伸","2025年4月4日","READ","B09WMZ3H5H"
"ダンダダン 10 (ジャンプコミックスDIGITAL)","龍幸伸","2025年4月4日","READ","B0BZZ66WZN"
"ダンダダン 7 (ジャンプコミックスDIGITAL)","龍幸伸","2025年4月4日","READ","B0BBTMBYKJ"
"ダンダダン 19 (ジャンプコミックスDIGITAL)","龍幸伸","2025年4月4日","READ","B0DZ23W1XJ"
"ダンダダン 9 (ジャンプコミックスDIGITAL)","龍幸伸","2025年4月4日","READ","B0BT4G53VX"
"【推しの子】 14 (ヤングジャンプコミックスDIGITAL)","赤坂アカ×横槍メンゴ","2025年3月31日","UNKNOWN","B0CW1LSYM3"
"【推しの子】 15 (ヤングジャンプコミックスDIGITAL)","赤坂アカ×横槍メンゴ","2025年3月31日","UNKNOWN","B0D59SLN76"
"しれっとすげぇこと言ってるギャル。―私立パラの丸高校の日常― 1 (ヤングジャンプコミックスDIGITAL)","松浦太一（Plott）, おつじ","2025年3月31日","READ","B0CX9V5PQD"
"姉のともだち 1 (ヤングジャンプコミックスDIGITAL)","高瀬わか","2025年3月31日","READ","B0CTC5XTDM"
"しれっとすげぇこと言ってるギャル。―私立パラの丸高校の日常― 3 (ヤングジャンプコミックスDIGITAL)","松浦太一（Plott）, おつじ","2025年3月31日","READ","B0DVSBX26H"
"釣って食べたいギャル澤さん 1 (ヤングジャンプコミックスDIGITAL)","ふなつかずき","2025年3月31日","READ","B0DB4PWKWY"
"釣って食べたいギャル澤さん 2 (ヤングジャンプコミックスDIGITAL)","ふなつかずき","2025年3月31日","READ","B0DRN83YSC"
"しれっとすげぇこと言ってるギャル。―私立パラの丸高校の日常― 2 (ヤングジャンプコミックスDIGITAL)","松浦太一（Plott）, おつじ","2025年3月31日","READ","B0D4PJ18RW"
"【推しの子】 16 (ヤングジャンプコミックスDIGITAL)","赤坂アカ×横槍メンゴ","2025年3月31日","UNKNOWN","B0DLDNYMVK"
"姉のともだち 2 (ヤングジャンプコミックスDIGITAL)","高瀬わか","2025年3月31日","READ","B0DVSBHP62"
"おっぱい百合アンソロジー　2 (MFC)","昆布わかめ, 他","2025年3月30日","UNKNOWN","B0DZWJ1P81"
"彩純ちゃんはレズ風俗に興味があります！: 6【イラスト特典付】 (百合姫コミックス)","伊月 クロ","2025年3月28日","READ","B0F2CMWD54"
"ボーイッシュ彼女が可愛すぎる 1巻 (デジタル版ガンガンコミックスpixiv)","牛乳麦ご飯","2025年3月26日","UNKNOWN","B0DVBXTCK1"
"ちょうぜつソフトウェア設計入門――PHPで理解するオブジェクト指向の活用","田中 ひさてる","2025年3月26日","UNKNOWN","B0BNH1J2W2"
"高音さんと嵐ちゃん ４ 描き下ろし漫画付き電子特装版 高音さんと嵐ちゃん電子特装版 (MFC)","なうち","2025年3月25日","UNKNOWN","B0DSK78931"
"妹が一日一回しか目を合わせてくれない。【同人版】1","はまけん。","2025年3月21日","READ","B0932KP411"
"はるかリセット　20 (チャンピオンREDコミックス)","野上武志","2025年3月19日","READ","B0DTTNXGXB"
"上伊那ぼたん、酔へる姿は百合の花　6 (ヤングチャンピオン・コミックス)","塀","2025年3月19日","READ","B0DTT1HHW4"
"生徒会にも穴はある！（９） (週刊少年マガジンコミックス)","むちまろ","2025年3月17日","UNKNOWN","B0DZ66W1C5"
"変な家: 5 (HOWLコミックス)","雨穴, 綾野 暁","2025年3月14日","UNKNOWN","B0DZCLMYR8"
"オタクに優しいギャルに私はなる！（３） (星海社コミックス)","ｓｕｇａｒ．","2025年3月13日","READ","B0DYJ65PPW"
"水姫先輩の恋占い 2 (ヤングアニマルコミックス)","シロサワ","2025年3月8日","READ","B09S5Q323H"
"水姫先輩の恋占い 5 (ヤングアニマルコミックス)","シロサワ","2025年3月8日","READ","B0CVLGVSYK"
"水姫先輩の恋占い 4 (ヤングアニマルコミックス)","シロサワ","2025年3月8日","READ","B0CBTZRV7D"
"水姫先輩の恋占い 3 (ヤングアニマルコミックス)","シロサワ","2025年3月8日","READ","B0BLYPB9JH"
"水姫先輩の恋占い 1 (ヤングアニマルコミックス)","シロサワ","2025年3月8日","UNKNOWN","B094JLBH2R"
"あずまんが大王(4)","あずまきよひこ","2025年3月7日","UNKNOWN","B0DYM5X2WV"
"あずまんが大王(3)","あずまきよひこ","2025年3月7日","UNKNOWN","B0DYLB3QDF"
"あずまんが大王(2)","あずまきよひこ","2025年3月7日","UNKNOWN","B0DY3821YJ"
"あずまんが大王(1)","あずまきよひこ","2025年3月7日","UNKNOWN","B0DY2K1C6V"
"反出生主義入門：「生まれてこないほうが良かった」とはどういうことか","小島 和男","2025年3月3日","UNKNOWN","B0DPHBM29C"
"秘すれば華なり Vol.1 共依存百合短編集 (百合コレ)","ふぁゆ瀬","2025年3月1日","READ","B0DBDHQX4V"
"ぼっち・ざ・ろっく！外伝　廣井きくりの深酒日記　４巻 (ＦＵＺコミックス)","はまじあき, くみちょう","2025年2月27日","READ","B0DPKL384Y"
"みことちゃんは嫌われたくない！３ (コミックエッセイ)","Pt","2025年2月26日","READ","B0DW2GKLW6"
"志乃と恋 ３ (MFC)","千種 みのり","2025年2月22日","READ","B0DWDX7XK3"
"夜は短し歩けよ乙女 (角川文庫)","森見 登美彦","2025年2月18日","UNKNOWN","B0093GEBJS"
"シャングリラ・フロンティア（２１）　～クソゲーハンター、神ゲーに挑まんとす～ (週刊少年マガジンコミックス)","硬梨菜, 不二涼介","2025年2月17日","UNKNOWN","B0DVSD4W8V"
"アーキテクトの教科書 価値を生むソフトウェアのアーキテクチャ構築","米久保 剛","2025年2月14日","READ","B0D4CSNF71"
"金の国 水の国 (フラワーコミックススペシャル)","岩本ナオ","2025年2月11日","UNKNOWN","B01I0VBDII"
"出会った時から、恋でした。 (デザートコミックス)","蟹沢ちひろ","2025年2月11日","READ","B0B8Y5F21J"
"怪異さんと俺 (コミックエッセイ)","ふに・無9","2025年2月6日","READ","B0DPVWYW5H"
"今年の三石さんはどこかおかしい （4）【電子特典付き】 (中経☆コミックス)","シロサワ","2025年2月4日","READ","B0DTN43KTG"
"オタクに優しいギャルに私はなる！（１） (星海社コミックス)","ｓｕｇａｒ．","2025年1月25日","READ","B0CT8QLX1X"
"オタクに優しいギャルに私はなる！（２） (星海社コミックス)","ｓｕｇａｒ．","2025年1月25日","READ","B0DB78BLTB"
"スーパーの裏でヤニ吸うふたり 6巻通常版 (デジタル版ビッグガンガンコミックス)","地主","2025年1月24日","READ","B0DP6FKN34"
"のあ先輩はともだち。 5 (ヤングジャンプコミックスDIGITAL)","あきやまえんま","2025年1月17日","READ","B0DPF29F18"
"OpenID Connect入門: 概念からセキュリティまで体系的に押さえる","土岐 孝平","2025年1月12日","UNKNOWN","B08SCCDLJH"
"志乃と恋 ２ (MFC)","千種 みのり","2025年1月11日","READ","B0D6R4QWHN"
"志乃と恋 (MFC)","千種 みのり","2025年1月11日","READ","B0CDZVKNT7"
"ふつうの軽音部 5 (ジャンプコミックスDIGITAL)","クワハリ, 出内テツオ","2025年1月7日","UNKNOWN","B0DPF1K8TT"
"ふつうの軽音部 2 (ジャンプコミックスDIGITAL)","クワハリ, 出内テツオ","2025年1月7日","UNKNOWN","B0CTHQJP11"
"ふつうの軽音部 1 (ジャンプコミックスDIGITAL)","クワハリ, 出内テツオ","2025年1月7日","READ","B0CW1M28W2"
"ふつうの軽音部 3 (ジャンプコミックスDIGITAL)","クワハリ, 出内テツオ","2025年1月7日","UNKNOWN","B0DB4DCV5D"
"ふつうの軽音部 4 (ジャンプコミックスDIGITAL)","クワハリ, 出内テツオ","2025年1月7日","UNKNOWN","B0DJB628SL"
"上伊那ぼたん、酔へる姿は百合の花　2 (ヤングチャンピオン・コミックス)","塀","2025年1月4日","READ","B08PYN8P1F"
"上伊那ぼたん、酔へる姿は百合の花　3 (ヤングチャンピオン・コミックス)","塀","2025年1月4日","READ","B09SPKHN72"
"上伊那ぼたん、酔へる姿は百合の花　5 (ヤングチャンピオン・コミックス)","塀","2025年1月4日","READ","B0D6YNH6P9"
"上伊那ぼたん、酔へる姿は百合の花　1 (ヤングチャンピオン・コミックス)","塀","2025年1月4日","READ","B0836KPMHM"
"上伊那ぼたん、酔へる姿は百合の花　4 (ヤングチャンピオン・コミックス)","塀","2025年1月4日","READ","B0C4L4NT2X"
"限界OLさんは悪役令嬢さまに仕えたい【電子単行本】　1 (ヤングチャンピオン・コミックス)","ネコ太郎","2025年1月3日","UNKNOWN","B0BS9C5GMJ"
"限界OLさんは悪役令嬢さまに仕えたい【電子単行本】　3 (ヤングチャンピオン・コミックス)","ネコ太郎","2025年1月3日","UNKNOWN","B0CW941RC7"
"限界OLさんは悪役令嬢さまに仕えたい【電子単行本】　2 (ヤングチャンピオン・コミックス)","ネコ太郎","2025年1月3日","UNKNOWN","B0CF53YNJJ"
"この素晴らしい世界に祝福を！(1)【電子特別版】 (ドラゴンコミックスエイジ)","渡 真仁","2025年1月1日","READ","B00VLOHQJ2"
"この素晴らしい世界に祝福を！(14) (ドラゴンコミックスエイジ)","渡 真仁","2025年1月1日","READ","B09H1ZM2XB"
"この素晴らしい世界に祝福を！(9) (ドラゴンコミックスエイジ)","渡 真仁","2025年1月1日","READ","B07Q1F9X28"
"この素晴らしい世界に祝福を！(20) (ドラゴンコミックスエイジ)","渡 真仁","2025年1月1日","READ","B0DJ92Z97X"
"この素晴らしい世界に祝福を！(16) (ドラゴンコミックスエイジ)","渡 真仁","2025年1月1日","READ","B0BK7QPXL4"
"この素晴らしい世界に祝福を！(12) (ドラゴンコミックスエイジ)","渡 真仁","2025年1月1日","READ","B08JTN8L9Y"
"この素晴らしい世界に祝福を！(19) (ドラゴンコミックスエイジ)","渡 真仁","2025年1月1日","UNKNOWN","B0D15FXNSW"
"この素晴らしい世界に祝福を！(18) (ドラゴンコミックスエイジ)","渡 真仁","2025年1月1日","UNKNOWN","B0CLTSHR2X"
"この素晴らしい世界に祝福を！(2)【電子特別版】 (ドラゴンコミックスエイジ)","渡 真仁","2025年1月1日","READ","B018TIY5WS"
"この素晴らしい世界に祝福を！(11) (ドラゴンコミックスエイジ)","渡 真仁","2025年1月1日","READ","B086DJHP3M"
"この素晴らしい世界に祝福を！(13) (ドラゴンコミックスエイジ)","渡 真仁","2025年1月1日","READ","B092ZCC9N3"
"この素晴らしい世界に祝福を！(3) (ドラゴンコミックスエイジ)","渡 真仁","2025年1月1日","UNKNOWN","B01CHATZJ2"
"この素晴らしい世界に祝福を！(17) (ドラゴンコミックスエイジ)","渡 真仁","2025年1月1日","UNKNOWN","B0C93FFPFZ"
"この素晴らしい世界に祝福を！(6) (ドラゴンコミックスエイジ)","渡 真仁","2025年1月1日","READ","B07541LLJC"
"この素晴らしい世界に祝福を！(7) (ドラゴンコミックスエイジ)","渡 真仁","2025年1月1日","READ","B079ZJJVZ6"
"この素晴らしい世界に祝福を！(5) (ドラゴンコミックスエイジ)","渡 真仁","2025年1月1日","READ","B06XDDJ5M7"
"この素晴らしい世界に祝福を！(15) (ドラゴンコミックスエイジ)","渡 真仁","2025年1月1日","READ","B09Y87D3NN"
"この素晴らしい世界に祝福を！(4) (ドラゴンコミックスエイジ)","渡 真仁","2025年1月1日","READ","B01KULNEDS"
"この素晴らしい世界に祝福を！(10) (ドラゴンコミックスエイジ)","渡 真仁","2025年1月1日","READ","B07VPT2W38"
"この素晴らしい世界に祝福を！(8) (ドラゴンコミックスエイジ)","渡 真仁","2025年1月1日","READ","B07GSPVSK9"
"ドM女子とがっかり女王様　（１） (角川コミックス・エース)","狐ヶ崎","2025年1月1日","READ","B08GFR2RLQ"
"ドM女子とがっかり女王様　（２） (角川コミックス・エース)","狐ヶ崎","2025年1月1日","READ","B08WRCN327"
"ドM女子とがっかり女王様　（４） (角川コミックス・エース)","狐ヶ崎","2025年1月1日","READ","B0B4J2WKDL"
"ドM女子とがっかり女王様　（３） (角川コミックス・エース)","狐ヶ崎","2025年1月1日","READ","B09GFBFSBH"
"新生徒会の一存(2) (ドラゴンコミックスエイジ)","すえみつ ぢっか","2025年1月1日","UNKNOWN","B00HSC606G"
"新生徒会の一存(3) (ドラゴンコミックスエイジ)","すえみつ ぢっか","2025年1月1日","UNKNOWN","B00K7TB3F0"
"新生徒会の一存(1) (ドラゴンコミックスエイジ)","すえみつ ぢっか","2025年1月1日","UNKNOWN","B00E5V5JC4"
"生徒会の一存(8) (ドラゴンコミックスエイジ)","１０ｍｏ","2025年1月1日","UNKNOWN","B00BAPP144"
"生徒会の一存(6) (ドラゴンコミックスエイジ)","10mo, 葵 せきな, 狗神 煌","2025年1月1日","UNKNOWN","B0093T5USQ"
"生徒会の一存(5) (ドラゴンコミックスエイジ)","10mo, 葵 せきな, 狗神 煌","2025年1月1日","UNKNOWN","B0093T5UOK"
"生徒会の一存(7) (ドラゴンコミックスエイジ)","１０ｍｏ","2025年1月1日","UNKNOWN","B0093T7TM6"
"生徒会の一存(3) (ドラゴンコミックスエイジ)","10mo, 葵 せきな, 狗神 煌","2025年1月1日","UNKNOWN","B0093T5UCC"
"生徒会の一存(4) (ドラゴンコミックスエイジ)","10mo, 葵 せきな, 狗神 煌","2025年1月1日","READ","B0093T5UMM"
"生徒会の一存(2) (ドラゴンコミックスエイジ)","10mo, 葵 せきな, 狗神 煌","2025年1月1日","READ","B0093T5U4K"
"生徒会の一存(1) (ドラゴンコミックスエイジ)","10mo, 葵 せきな, 狗神 煌","2025年1月1日","READ","B0093T5TZU"
"◯◯なメイドさん　２巻 (ＦＵＺコミックス)","鮭乃らるかん","2024年12月29日","READ","B0D1QRFTT8"
"◯◯なメイドさん　１巻 (ＦＵＺコミックス)","鮭乃らるかん","2024年12月29日","READ","B08PBGC35F"
"廃バスに住む ２ (MFC)","イチヒ","2024年12月29日","READ","B09RSZCHLL"
"廃バスに住む ３ (MFC)","イチヒ","2024年12月29日","UNKNOWN","B0BHHCR2RB"
"廃バスに住む ５ (MFC)","イチヒ","2024年12月29日","UNKNOWN","B0CXHDTSK5"
"廃バスに住む ４ (MFC)","イチヒ","2024年12月29日","UNKNOWN","B0C4NJ7ZYQ"
"廃バスに住む １ (MFC)","イチヒ","2024年12月29日","READ","B098SKC5RF"
"ビブリア古書堂の事件手帖(5) (角川コミックス・エース)","ナカノ","2024年12月29日","READ","B00J4KDWAW"
"ビブリア古書堂の事件手帖(1) (角川コミックス・エース)","三上 延, ナカノ, 越島 はぐ","2024年12月29日","READ","B00BAPP14Y"
"ビブリア古書堂の事件手帖(4) (角川コミックス・エース)","ナカノ","2024年12月29日","READ","B00IFWA6D6"
"ビブリア古書堂の事件手帖(6) (角川コミックス・エース)","ナカノ","2024年12月29日","READ","B00NPOEUT0"
"ビブリア古書堂の事件手帖(3) (角川コミックス・エース)","ナカノ","2024年12月29日","READ","B00EETP2CE"
"ビブリア古書堂の事件手帖(2) (角川コミックス・エース)","三上 延, ナカノ, 越島 はぐ","2024年12月29日","READ","B00BAPP16W"
"地雷なんですか？地原さん(6) (GANMA!)","りょん","2024年12月26日","READ","B0CXLPFQS5"
"今日もビールでがんばらない～ユイとケイのカンパイリセット～【電子単行本】　1 (チャンピオンREDコミックス)","別所ユウイチ, 阿羅本景","2024年12月21日","READ","B0DK6ZN7LH"
"はるかリセット　19 (チャンピオンREDコミックス)","野上武志","2024年12月20日","READ","B0DK71G63N"
"秋期限定栗きんとん事件 上 小市民シリーズ (創元推理文庫)","米澤 穂信","2024年12月14日","READ","B00FZJEEJO"
"夏期限定トロピカルパフェ事件 小市民シリーズ (創元推理文庫)","米澤 穂信","2024年12月14日","UNKNOWN","B007RI8CIU"
"巴里マカロンの謎 〈小市民〉シリーズ (創元推理文庫)","米澤 穂信","2024年12月14日","UNKNOWN","B082XR8CRG"
"秋期限定栗きんとん事件 下 〈小市民〉シリーズ (創元推理文庫)","米澤 穂信","2024年12月14日","READ","B00FZJEEMQ"
"冬期限定ボンボンショコラ事件 〈小市民〉シリーズ (創元推理文庫)","米澤 穂信","2024年12月14日","UNKNOWN","B0CVXBGYJM"
"春期限定いちごタルト事件 小市民シリーズ (創元推理文庫)","米澤 穂信","2024年12月14日","UNKNOWN","B007RI8CK8"
"一勝千金（３） (裏少年サンデーコミックス)","サンドロビッチ・ヤバ子, ＭＡＡＭ","2024年12月12日","READ","B0DBL287MN"
"一勝千金（４） (裏少年サンデーコミックス)","サンドロビッチ・ヤバ子, ＭＡＡＭ","2024年12月12日","READ","B0DN66K6SV"
"一勝千金（２） (裏少年サンデーコミックス)","サンドロビッチ・ヤバ子, ＭＡＡＭ","2024年12月12日","READ","B0CW9RB6KK"
"一勝千金（１） (裏少年サンデーコミックス)","サンドロビッチ・ヤバ子, ＭＡＡＭ","2024年12月12日","READ","B0CH886SQR"
"のあ先輩はともだち。 4 (ヤングジャンプコミックスDIGITAL)","あきやまえんま","2024年12月11日","READ","B0DB4FLRRW"
"のあ先輩はともだち。 2 (ヤングジャンプコミックスDIGITAL)","あきやまえんま","2024年12月11日","READ","B0CQY1KDZ1"
"のあ先輩はともだち。 1 (ヤングジャンプコミックスDIGITAL)","あきやまえんま","2024年12月11日","READ","B0CGJ6K5R5"
"のあ先輩はともだち。 3 (ヤングジャンプコミックスDIGITAL)","あきやまえんま","2024年12月11日","READ","B0D2NJD76Q"
"推しとの百合はありえない！　２ (角川コミックス・エース)","ヒノサカアキ","2024年12月10日","READ","B0DP1XNXZ4"
"地元最高！（６）","usagi","2024年12月10日","READ","B0CW99N75B"
"地元最高！（５）","usagi","2024年12月10日","READ","B0D1BZGX4R"
"地元最高！（４）","usagi","2024年12月10日","READ","B0CLKZ7DSR"
"ばっどがーる　２巻 (まんがタイムＫＲコミックス)","肉丸","2024年12月9日","READ","B0BKFTQ93S"
"ばっどがーる　３巻 (まんがタイムＫＲコミックス)","肉丸","2024年12月9日","READ","B0CCRPHVWN"
"ばっどがーる　４巻 (まんがタイムＫＲコミックス)","肉丸","2024年12月9日","READ","B0D44FN3ZQ"
"ハコヅメ～交番女子の逆襲～　別章　アンボックス (モーニングコミックス)","泰三子","2024年12月8日","READ","B0972K9Q8C"
"ばっどがーる　１巻 (まんがタイムＫＲコミックス)","肉丸","2024年12月7日","READ","B09PTQXNG3"
"NHKにようこそ！(6) (角川コミックス・エース)","滝本 竜彦, 大岩 ケンヂ","2024年12月6日","UNKNOWN","B0093G8FZ4"
"NHKにようこそ！(3) (角川コミックス・エース)","滝本 竜彦, 大岩 ケンヂ","2024年12月6日","UNKNOWN","B0093G85IQ"
"NHKにようこそ！(8) (角川コミックス・エース)","滝本 竜彦, 大岩 ケンヂ","2024年12月6日","UNKNOWN","B0093G8Z6S"
"NHKにようこそ！(4) (角川コミックス・エース)","滝本 竜彦, 大岩 ケンヂ","2024年12月6日","UNKNOWN","B0093G8FMM"
"NHKにようこそ！(2) (角川コミックス・エース)","滝本 竜彦, 大岩 ケンヂ","2024年12月6日","UNKNOWN","B0093G7X8E"
"NHKにようこそ！(5) (角川コミックス・エース)","滝本 竜彦, 大岩 ケンヂ","2024年12月6日","UNKNOWN","B0093G8FSQ"
"NHKにようこそ！(7) (角川コミックス・エース)","滝本 竜彦, 大岩 ケンヂ","2024年12月6日","UNKNOWN","B0093G8N0G"
"NHKにようこそ！(1) (角川コミックス・エース)","滝本 竜彦, 大岩 ケンヂ","2024年12月6日","UNKNOWN","B0093G7X20"
"ハコヅメ～交番女子の逆襲～（２１） (モーニングコミックス)","泰三子","2024年12月6日","READ","B0B45P3RPS"
"ハコヅメ～交番女子の逆襲～（１８） (モーニングコミックス)","泰三子","2024年12月6日","READ","B09CCYCD6Q"
"ハコヅメ～交番女子の逆襲～（５） (モーニングコミックス)","泰三子","2024年12月6日","READ","B07MTBQ5KK"
"ハコヅメ～交番女子の逆襲～（２０） (モーニングコミックス)","泰三子","2024年12月6日","READ","B09S36FY68"
"ハコヅメ～交番女子の逆襲～（１３） (モーニングコミックス)","泰三子","2024年12月6日","READ","B08BJ1CTHQ"
"ハコヅメ～交番女子の逆襲～（９） (モーニングコミックス)","泰三子","2024年12月6日","READ","B07XT9N3W2"
"ハコヅメ～交番女子の逆襲～（８） (モーニングコミックス)","泰三子","2024年12月6日","READ","B07V7W7DVC"
"ハコヅメ～交番女子の逆襲～（７） (モーニングコミックス)","泰三子","2024年12月6日","READ","B07RWHM7LN"
"ハコヅメ～交番女子の逆襲～（２２） (モーニングコミックス)","泰三子","2024年12月6日","READ","B0BHLMNZH9"
"ハコヅメ～交番女子の逆襲～（１６） (モーニングコミックス)","泰三子","2024年12月6日","READ","B08YRPVCLR"
"ハコヅメ～交番女子の逆襲～（４） (モーニングコミックス)","泰三子","2024年12月6日","READ","B07JW9KR47"
"ハコヅメ～交番女子の逆襲～（１０） (モーニングコミックス)","泰三子","2024年12月6日","READ","B081Q7YXQ5"
"ハコヅメ～交番女子の逆襲～（１７） (モーニングコミックス)","泰三子","2024年12月6日","READ","B0972JCF8J"
"ハコヅメ～交番女子の逆襲～（１４） (モーニングコミックス)","泰三子","2024年12月6日","READ","B08HYXBC6G"
"ハコヅメ～交番女子の逆襲～（１９） (モーニングコミックス)","泰三子","2024年12月6日","READ","B09LHF52RN"
"ハコヅメ～交番女子の逆襲～（１２） (モーニングコミックス)","泰三子","2024年12月6日","READ","B086Y8GZKP"
"ハコヅメ～交番女子の逆襲～（６） (モーニングコミックス)","泰三子","2024年12月6日","READ","B07PN9M232"
"ハコヅメ～交番女子の逆襲～（１５） (モーニングコミックス)","泰三子","2024年12月6日","READ","B08N9V4WHK"
"ハコヅメ～交番女子の逆襲～（１） (モーニングコミックス)","泰三子","2024年12月6日","READ","B07C5JVDTP"
"ハコヅメ～交番女子の逆襲～（２３） (モーニングコミックス)","泰三子","2024年12月6日","READ","B0BVM5ZCBR"
"ハコヅメ～交番女子の逆襲～（２） (モーニングコミックス)","泰三子","2024年12月6日","READ","B07DNB6Z37"
"ハコヅメ～交番女子の逆襲～（３） (モーニングコミックス)","泰三子","2024年12月6日","READ","B07GBSQ11N"
"ハコヅメ～交番女子の逆襲～（１１） (モーニングコミックス)","泰三子","2024年12月6日","READ","B083TSL4TN"
"この社会主義グルメがすごい!! (電撃コミックスEX)","河内和泉","2024年12月5日","READ","B07QQP5M8J"
"みことちゃんは嫌われたくない！２【電子特典付き】 (コミックエッセイ)","Pt","2024年12月5日","READ","B0DB13Y1W2"
"みことちゃんは嫌われたくない！【電子特典付き】 (コミックエッセイ)","Pt","2024年12月5日","READ","B0CQZLYFG8"
"ルーツビア　1 (アース・スターコミックス)","ルーツ","2024年12月3日","READ","B071GBLL63"
"今年の三石さんはどこかおかしい （3）【電子特典付き】 (中経☆コミックス)","シロサワ","2024年12月1日","READ","B0CLKZBQD9"
"今年の三石さんはどこかおかしい (中経☆コミックス)","シロサワ","2024年12月1日","READ","B08VNCR8FS"
"今年の三石さんはどこかおかしい （2）【電子特典付き】 (中経☆コミックス)","シロサワ","2024年12月1日","READ","B0BM8QMR8W"
"はるかリセット　10 (チャンピオンREDコミックス)","野上武志","2024年12月1日","READ","B0C4L54BGW"
"はるかリセット　12 (チャンピオンREDコミックス)","野上武志","2024年12月1日","READ","B0CJFBBLZ2"
"はるかリセット　8 (チャンピオンREDコミックス)","野上武志","2024年12月1日","READ","B0BS99YNBG"
"はるかリセット　18 (チャンピオンREDコミックス)","野上武志","2024年12月1日","READ","B0DDC2BZ6Y"
"はるかリセット　17 (チャンピオンREDコミックス)","野上武志","2024年12月1日","READ","B0D6YKC754"
"はるかリセット　3 (チャンピオンREDコミックス)","野上武志","2024年12月1日","READ","B09X5GSW7Y"
"はるかリセット　6 (チャンピオンREDコミックス)","野上武志","2024年12月1日","READ","B0BFHLZWTY"
"はるかリセット　1 (チャンピオンREDコミックス)","野上武志","2024年12月1日","READ","B09KLKYQ9N"
"はるかリセット　14 (チャンピオンREDコミックス)","野上武志","2024年12月1日","READ","B0CQLSFJJT"
"はるかリセット　13 (チャンピオンREDコミックス)","野上武志","2024年12月1日","READ","B0CM3BMBXH"
"はるかリセット　11 (チャンピオンREDコミックス)","野上武志","2024年12月1日","READ","B0CBBSTWBF"
"はるかリセット　9 (チャンピオンREDコミックス)","野上武志","2024年12月1日","READ","B0BXL43SVX"
"はるかリセット　16 (チャンピオンREDコミックス)","野上武志","2024年12月1日","READ","B0D17J4G3P"
"はるかリセット　2 (チャンピオンREDコミックス)","野上武志","2024年12月1日","READ","B09P88P2P7"
"はるかリセット　5 (チャンピオンREDコミックス)","野上武志","2024年12月1日","READ","B0B6FFTDX5"
"はるかリセット　15 (チャンピオンREDコミックス)","野上武志","2024年12月1日","READ","B0CVRMZ2FG"
"はるかリセット　4 (チャンピオンREDコミックス)","野上武志","2024年12月1日","READ","B09ZB76T4C"
"はるかリセット　7 (チャンピオンREDコミックス)","野上武志","2024年12月1日","READ","B0BKSWSKXN"
"推しとの百合はありえない！　１ (角川コミックス・エース)","ヒノサカアキ","2024年12月1日","READ","B0CZ3FL7FX"
"関数型ドメインモデリング　ドメイン駆動設計とF#でソフトウェアの複雑さに立ち向かおう (アスキードワンゴ)","Scott Wlaschin, 猪股 健太郎","2024年11月30日","UNKNOWN","B0DDBPNBVJ"
"杖と剣のウィストリア（９） (週刊少年マガジンコミックス)","大森藤ノ, 青井聖","2024年11月30日","READ","B0CTH86JJ7"
"杖と剣のウィストリア（１） (週刊少年マガジンコミックス)","大森藤ノ, 青井聖","2024年11月30日","READ","B091C1R5QH"
"杖と剣のウィストリア（７） (週刊少年マガジンコミックス)","大森藤ノ, 青井聖","2024年11月30日","READ","B0C6D1QTNR"
"杖と剣のウィストリア（１１） (週刊少年マガジンコミックス)","大森藤ノ, 青井聖","2024年11月30日","READ","B0DL556DPN"
"杖と剣のウィストリア（１０） (週刊少年マガジンコミックス)","大森藤ノ, 青井聖","2024年11月30日","READ","B0D58S38G8"
"杖と剣のウィストリア（２） (週刊少年マガジンコミックス)","大森藤ノ, 青井聖","2024年11月30日","READ","B09B76ZT1V"
"杖と剣のウィストリア（８） (週刊少年マガジンコミックス)","大森藤ノ, 青井聖","2024年11月30日","READ","B0CJRGTZS5"
"杖と剣のウィストリア（６） (週刊少年マガジンコミックス)","大森藤ノ, 青井聖","2024年11月30日","READ","B0BQHFMPWZ"
"杖と剣のウィストリア（５） (週刊少年マガジンコミックス)","大森藤ノ, 青井聖","2024年11月30日","READ","B0BC87CG9V"
"杖と剣のウィストリア（３） (週刊少年マガジンコミックス)","大森藤ノ, 青井聖","2024年11月30日","READ","B09MLVYKT4"
"杖と剣のウィストリア（４） (週刊少年マガジンコミックス)","大森藤ノ, 青井聖","2024年11月30日","READ","B09WMCY9XN"
"シャングリラ・フロンティア（１４）　～クソゲーハンター、神ゲーに挑まんとす～ (週刊少年マガジンコミックス)","硬梨菜, 不二涼介","2024年11月28日","READ","B0C9ZRDFCD"
"シャングリラ・フロンティア（１８）　～クソゲーハンター、神ゲーに挑まんとす～ (週刊少年マガジンコミックス)","硬梨菜, 不二涼介","2024年11月28日","READ","B0D8NDGMKG"
"シャングリラ・フロンティア（７）　～クソゲーハンター、神ゲーに挑まんとす～ (週刊少年マガジンコミックス)","硬梨菜, 不二涼介","2024年11月28日","READ","B09P89YFTT"
"シャングリラ・フロンティア（１２）　～クソゲーハンター、神ゲーに挑まんとす～ (週刊少年マガジンコミックス)","硬梨菜, 不二涼介","2024年11月28日","READ","B0BXCF62C3"
"シャングリラ・フロンティア（１０）　～クソゲーハンター、神ゲーに挑まんとす～ (週刊少年マガジンコミックス)","硬梨菜, 不二涼介","2024年11月28日","READ","B0BD4DCNKY"
"シャングリラ・フロンティア（１７）　～クソゲーハンター、神ゲーに挑まんとす～ (週刊少年マガジンコミックス)","硬梨菜, 不二涼介","2024年11月28日","READ","B0CWVWXL2F"
"シャングリラ・フロンティア（８）　～クソゲーハンター、神ゲーに挑まんとす～ (週刊少年マガジンコミックス)","硬梨菜, 不二涼介","2024年11月28日","READ","B09X58KXD3"
"シャングリラ・フロンティア（２）　～クソゲーハンター、神ゲーに挑まんとす～ (週刊少年マガジンコミックス)","硬梨菜, 不二涼介","2024年11月28日","READ","B08PNTQ3CD"
"シャングリラ・フロンティア（４）　～クソゲーハンター、神ゲーに挑まんとす～ (週刊少年マガジンコミックス)","硬梨菜, 不二涼介","2024年11月28日","READ","B096M7SS8W"
"シャングリラ・フロンティア（１９）　～クソゲーハンター、神ゲーに挑まんとす～ (週刊少年マガジンコミックス)","硬梨菜, 不二涼介","2024年11月28日","READ","B0DFXYSNDD"
"シャングリラ・フロンティア（１）　～クソゲーハンター、神ゲーに挑まんとす～ (週刊少年マガジンコミックス)","硬梨菜, 不二涼介","2024年11月28日","READ","B08KQ4TPMY"
"シャングリラ・フロンティア（１５）　～クソゲーハンター、神ゲーに挑まんとす～ (週刊少年マガジンコミックス)","硬梨菜, 不二涼介","2024年11月28日","READ","B0CKF562CD"
"シャングリラ・フロンティア（３）　～クソゲーハンター、神ゲーに挑まんとす～ (週刊少年マガジンコミックス)","硬梨菜, 不二涼介","2024年11月28日","READ","B08XYZ4L5Z"
"シャングリラ・フロンティア（１１）　～クソゲーハンター、神ゲーに挑まんとす～ (週刊少年マガジンコミックス)","硬梨菜, 不二涼介","2024年11月28日","READ","B0BNZWLZ7Y"
"シャングリラ・フロンティア（６）　～クソゲーハンター、神ゲーに挑まんとす～ (週刊少年マガジンコミックス)","硬梨菜, 不二涼介","2024年11月28日","READ","B09KZD6VCY"
"シャングリラ・フロンティア（５）　～クソゲーハンター、神ゲーに挑まんとす～ (週刊少年マガジンコミックス)","硬梨菜, 不二涼介","2024年11月28日","READ","B09BYRRL2B"
"シャングリラ・フロンティア（９）　～クソゲーハンター、神ゲーに挑まんとす～ (週刊少年マガジンコミックス)","硬梨菜, 不二涼介","2024年11月28日","READ","B0B5QLY42S"
"シャングリラ・フロンティア（２０）　～クソゲーハンター、神ゲーに挑まんとす～ (週刊少年マガジンコミックス)","硬梨菜, 不二涼介","2024年11月28日","READ","B0DM4JT4J6"
"シャングリラ・フロンティア（１６）　～クソゲーハンター、神ゲーに挑まんとす～ (週刊少年マガジンコミックス)","硬梨菜, 不二涼介","2024年11月28日","READ","B0CPFDMJNN"
"シャングリラ・フロンティア（１３）　～クソゲーハンター、神ゲーに挑まんとす～ (週刊少年マガジンコミックス)","硬梨菜, 不二涼介","2024年11月28日","READ","B0C3V8B6L6"
"やしろの魔王（1） (電撃コミックスNEXT)","黒田ｂｂ","2024年11月27日","READ","B0DMZ1GXZP"
"鍋に弾丸を受けながら　５ (カドカワデジタルコミックス)","森山 慎","2024年11月25日","READ","B0DHV6G4VV"
"鍋に弾丸を受けながら　４ (カドカワデジタルコミックス)","森山 慎","2024年11月25日","READ","B0CP24X55Z"
"鍋に弾丸を受けながら　２ (カドカワデジタルコミックス)","森山 慎","2024年11月25日","READ","B0B7RBP6YS"
"鍋に弾丸を受けながら　３ (カドカワデジタルコミックス)","森山 慎","2024年11月25日","READ","B0BWH5ZL54"
"魔女大戦 32人の異才の魔女は殺し合う 11巻【特典イラスト付き】 (ゼノンコミックス)","河本ほむら, 塩塚誠","2024年11月25日","READ","B0DJBJYWQR"
"僕の心のヤバイやつ　11 (少年チャンピオン・コミックス)","桜井のりお","2024年11月25日","READ","B0DGQ6GSB7"
"鍋に弾丸を受けながら　１ (カドカワデジタルコミックス)","森山 慎","2024年11月25日","READ","B09NXMNX49"
"一日ごとにデレが増えてくツンツンツンツンツンデレちゃん(上)【イラスト特典付】 (comic POOL)","八木戸 マト","2024年11月25日","READ","B0D9JBC3NB"
"一日ごとにデレが増えてくツンツンツンツンツンデレちゃん(下) (comic POOL)","八木戸 マト","2024年11月25日","READ","B0D9JB55Z2"
"変な家: 4 (HOWLコミックス)","雨穴, 綾野 暁","2024年11月25日","READ","B0DJS1MJHC"
"変な家: 2 (HOWLコミックス)","雨穴, 綾野 暁","2024年11月25日","READ","B0CNR8HHZT"
"変な家: 1 (HOWLコミックス)","雨穴, 綾野 暁","2024年11月25日","READ","B0C7TKJ5QC"
"変な家: 3 (HOWLコミックス)","雨穴, 綾野 暁","2024年11月25日","READ","B0CWHHJLF1"
"生徒会にも穴はある！（８） (週刊少年マガジンコミックス)","むちまろ","2024年11月16日","READ","B0DM4NGXGL"
"ポンコツ魔王の田舎暮らし　3巻 (バンチコミックス)","渡邉ポポ","2024年11月10日","READ","B0DJGS9G4R"
"ドカ食いダイスキ！ もちづきさん 1 (ヤングアニマルコミックス)","まるよのかもめ","2024年10月30日","READ","B0DHK3NCQG"
"ぼっち・ざ・ろっく！外伝　廣井きくりの深酒日記　３巻 (ＦＵＺコミックス)","はまじあき, くみちょう","2024年10月25日","READ","B0DD6Y9GQ1"
"ぼっち・ざ・ろっく！　７巻 (まんがタイムＫＲコミックス)","はまじあき","2024年10月25日","READ","B0DD6XYQY3"
"Good Code, Bad Code ～持続可能な開発のためのソフトウェアエンジニア的思考","TomLong, 秋勇紀, 高田新山, 山本大祐","2024年9月29日","UNKNOWN","B0BSW72QKZ"
"プログラマの数学 第2版","結城 浩","2024年9月29日","UNKNOWN","B079JLW5YN"
"ＤＤＤ（１）","奈須きのこ","2024年9月1日","UNKNOWN","B09SZ4ZQKN"
"生徒会にも穴はある！（１） (週刊少年マガジンコミックス)","むちまろ","2024年8月25日","READ","B0BD48CBLC"
"生徒会にも穴はある！（７） (週刊少年マガジンコミックス)","むちまろ","2024年8月25日","READ","B0D8NHN2NM"
"生徒会にも穴はある！（５） (週刊少年マガジンコミックス)","むちまろ","2024年8月25日","READ","B0CMQ2YXPM"
"生徒会にも穴はある！（３） (週刊少年マガジンコミックス)","むちまろ","2024年8月25日","READ","B0C1G61JYH"
"生徒会にも穴はある！（４） (週刊少年マガジンコミックス)","むちまろ","2024年8月25日","READ","B0CDLCCNCZ"
"生徒会にも穴はある！（２） (週刊少年マガジンコミックス)","むちまろ","2024年8月25日","READ","B0BNZWSDGL"
"生徒会にも穴はある！（６） (週刊少年マガジンコミックス)","むちまろ","2024年8月25日","READ","B0CWDRZC3X"
"ポンコツ魔王の田舎暮らし　2巻 (バンチコミックス)","渡邉ポポ","2024年8月24日","READ","B0D17H29ZQ"
"ポンコツ魔王の田舎暮らし　1巻 (バンチコミックス)","渡邉ポポ","2024年8月24日","READ","B0CLBL836M"
"雪解けとアガパンサス（3） (電撃コミックスNEXT)","なうち","2024年8月24日","UNKNOWN","B0D41QZPWW"
"雪解けとアガパンサス（1） (電撃コミックスNEXT)","なうち","2024年8月24日","UNKNOWN","B0BY1DPH88"
"雪解けとアガパンサス（2） (電撃コミックスNEXT)","なうち","2024年8月24日","UNKNOWN","B0CKYHLVFL"
"高音さんと嵐ちゃん ３ (MFC)","なうち","2024年8月4日","READ","B0D6R4W2WB"
"高音さんと嵐ちゃん ２ (MFC)","なうち","2024年8月4日","READ","B0CLL387ZX"
"高音さんと嵐ちゃん (MFC)","なうち","2024年8月4日","READ","B0C1RPW5YL"
"魔女大戦 32人の異才の魔女は殺し合う 7巻【特典イラスト付き】 (ゼノンコミックス)","河本ほむら, 塩塚誠","2024年7月27日","READ","B0C58W4NTK"
"魔女大戦 32人の異才の魔女は殺し合う 6巻【特典イラスト付き】 (ゼノンコミックス)","河本ほむら, 塩塚誠","2024年7月27日","READ","B0BRQ5B3DF"
"魔女大戦 32人の異才の魔女は殺し合う 4巻【特典イラスト付き】 (ゼノンコミックス)","河本ほむら, 塩塚誠","2024年7月27日","READ","B09YTYLDBZ"
"魔女大戦 32人の異才の魔女は殺し合う 9巻【特典イラスト付き】 (ゼノンコミックス)","河本ほむら, 塩塚誠","2024年7月27日","READ","B0CSJPKB6B"
"魔女大戦 32人の異才の魔女は殺し合う 8巻【特典イラスト付き】 (ゼノンコミックス)","河本ほむら, 塩塚誠","2024年7月27日","READ","B0CJM3989K"
"魔女大戦 32人の異才の魔女は殺し合う 2巻 (ゼノンコミックス)","河本ほむら, 塩塚誠","2024年7月27日","READ","B09BCG2X5B"
"魔女大戦 32人の異才の魔女は殺し合う 5巻【特典イラスト付き】 (ゼノンコミックス)","河本ほむら, 塩塚誠","2024年7月27日","READ","B0BBFGG2BP"
"魔女大戦 32人の異才の魔女は殺し合う 1巻 (ゼノンコミックス)","河本ほむら, 塩塚誠","2024年7月27日","READ","B0963H65LZ"
"魔女大戦 32人の異才の魔女は殺し合う 3巻 (ゼノンコミックス)","河本ほむら, 塩塚誠","2024年7月27日","READ","B09KLNPVXK"
"魔女大戦 32人の異才の魔女は殺し合う 10巻【特典イラスト付き】 (ゼノンコミックス)","河本ほむら, 塩塚誠","2024年7月27日","READ","B0D5B2N98S"
"彩純ちゃんはレズ風俗に興味があります！: 5【イラスト特典付】 (百合姫コミックス)","伊月 クロ","2024年7月25日","READ","B0D447RR3F"
"スーパーの裏でヤニ吸うふたり 5巻 (デジタル版ビッグガンガンコミックス)","地主","2024年7月25日","READ","B0D3KM4D1H"
"僕の心のヤバイやつ　9 (少年チャンピオン・コミックス)","桜井のりお","2024年6月30日","READ","B0CKZ24GXH"
"僕の心のヤバイやつ　3 (少年チャンピオン・コミックス)","桜井のりお","2024年6月30日","READ","B0897G3FLT"
"僕の心のヤバイやつ　8 (少年チャンピオン・コミックス)","桜井のりお","2024年6月30日","READ","B0BTPF32XD"
"僕の心のヤバイやつ　4 (少年チャンピオン・コミックス)","桜井のりお","2024年6月30日","READ","B08V8YH139"
"僕の心のヤバイやつ　5 (少年チャンピオン・コミックス)","桜井のりお","2024年6月30日","READ","B095Y9FXMF"
"僕の心のヤバイやつ　6 (少年チャンピオン・コミックス)","桜井のりお","2024年6月30日","READ","B09NBQ8FPG"
"僕の心のヤバイやつ　10 (少年チャンピオン・コミックス)","桜井のりお","2024年6月30日","READ","B0CVRMFKV8"
"僕の心のヤバイやつ　1 (少年チャンピオン・コミックス)","桜井のりお","2024年6月30日","READ","B07J1T13WX"
"僕の心のヤバイやつ　2 (少年チャンピオン・コミックス)","桜井のりお","2024年6月30日","READ","B07TW38R1N"
"僕の心のヤバイやつ　7 (少年チャンピオン・コミックス)","桜井のりお","2024年6月30日","READ","B0B6FJ3PHT"
"地雷なんですか？地原さん(5) (GANMA!)","りょん","2024年6月26日","READ","B0D7GMWTYN"
"【推しの子】 13 (ヤングジャンプコミックスDIGITAL)","赤坂アカ×横槍メンゴ","2024年4月7日","UNKNOWN","B0CJRFZYDN"
"【推しの子】 12 (ヤングジャンプコミックスDIGITAL)","赤坂アカ×横槍メンゴ","2024年4月7日","UNKNOWN","B0C69B663C"
"【推しの子】 11 (ヤングジャンプコミックスDIGITAL)","赤坂アカ×横槍メンゴ","2024年4月7日","READ","B0BT4VG4Q7"
"【推しの子】 8 (ヤングジャンプコミックスDIGITAL)","赤坂アカ×横槍メンゴ","2024年4月6日","READ","B09YTWXBR4"
"【推しの子】 7 (ヤングジャンプコミックスDIGITAL)","赤坂アカ×横槍メンゴ","2024年4月6日","READ","B09P394MVY"
"【推しの子】 2 (ヤングジャンプコミックスDIGITAL)","赤坂アカ×横槍メンゴ","2024年4月6日","UNKNOWN","B08KDFKTKF"
"【推しの子】 6 (ヤングジャンプコミックスDIGITAL)","赤坂アカ×横槍メンゴ","2024年4月6日","READ","B09KV25GGD"
"【推しの子】 5 (ヤングジャンプコミックスDIGITAL)","赤坂アカ×横槍メンゴ","2024年4月6日","READ","B09BDV5BC1"
"【推しの子】 1 (ヤングジャンプコミックスDIGITAL)","赤坂アカ×横槍メンゴ","2024年4月6日","READ","B08BFW6GSV"
"【推しの子】 4 (ヤングジャンプコミックスDIGITAL)","赤坂アカ×横槍メンゴ","2024年4月6日","READ","B093L27139"
"【推しの子】 9 (ヤングジャンプコミックスDIGITAL)","赤坂アカ×横槍メンゴ","2024年4月6日","READ","B0BBTND7CW"
"【推しの子】 10 (ヤングジャンプコミックスDIGITAL)","赤坂アカ×横槍メンゴ","2024年4月6日","READ","B0BNL54NDS"
"【推しの子】 3 (ヤングジャンプコミックスDIGITAL)","赤坂アカ×横槍メンゴ","2024年4月6日","READ","B08V12QYHG"
"ぼっち・ざ・ろっく！外伝　廣井きくりの深酒日記　２巻 (ＦＵＺコミックス)","はまじあき, くみちょう","2024年4月3日","READ","B0CVWZWDFB"
"よふかしのうた（２０） (少年サンデーコミックス)","コトヤマ","2024年3月19日","READ","B0CVRMH7MC"
"よふかしのうた（１９） (少年サンデーコミックス)","コトヤマ","2024年3月19日","READ","B0CTHFXFML"
"ぼっち・ざ・ろっく！外伝　廣井きくりの深酒日記　１巻 (ＦＵＺコミックス)","はまじあき, くみちょう","2024年2月2日","READ","B0CQR721CS"
"スーパーの裏でヤニ吸うふたり 4巻 (デジタル版ビッグガンガンコミックス)","地主","2024年1月27日","READ","B0CP5RXN6T"
"暇と退屈の倫理学（新潮文庫）","國分功一郎","2024年1月15日","UNKNOWN","B09MT5GQC4"
"えびてん 公立海老栖川高校天悶部(4) (角川コミックス・エース)","狗神 煌","2024年1月2日","UNKNOWN","B00C40EWEE"
"えびてん 公立海老栖川高校天悶部(1) (角川コミックス・エース)","すかぢ, 狗神 煌","2024年1月2日","UNKNOWN","B00932PAEC"
"えびてん 公立海老栖川高校天悶部(2) (角川コミックス・エース)","すかぢ, 狗神 煌","2024年1月2日","UNKNOWN","B00932PHHM"
"えびてん 公立海老栖川高校天悶部(3) (角川コミックス・エース)","すかぢ, 狗神 煌","2024年1月2日","UNKNOWN","B0093GAG5Q"
"令和元年のえずくろしい (トーチコミックス)","大山海, 上梨裕奨","2023年12月28日","READ","B0CKLDQP8N"
"女ともだちと結婚してみた。: 4【イラスト特典付】 (百合姫コミックス)","雨水 汐","2023年12月27日","READ","B0CQ4H22LS"
"地雷なんですか？地原さん(4) (GANMA!)","りょん","2023年12月27日","READ","B0CPSQMX4H"
"いちゃらぶしかない百合アンソロジーコミック (百合姫コミックス)","大北 真潤, コダマ ナオコ, 後藤 悠希, せきはら, タカハシ マコ, 南崎 いく, 三国 ハヂメ, 森島 明子, 雪尾 ゆき, 蓮城 はに","2023年12月1日","READ","B07NY5PH1G"
"おっぱい百合アンソロジー (MFC)","昆布わかめ, 他","2023年12月1日","READ","B08L2X36Z5"
"いなり、こんこん、恋いろは。(6) (角川コミックス・エース)","よしだ もろへ","2023年11月27日","UNKNOWN","B00E18ND9W"
"いなり、こんこん、恋いろは。(9) (角川コミックス・エース)","よしだ もろへ","2023年11月27日","UNKNOWN","B00R3XZMY6"
"いなり、こんこん、恋いろは。(7) (角川コミックス・エース)","よしだ もろへ","2023年11月27日","UNKNOWN","B00HEB8PK0"
"いなり、こんこん、恋いろは。(10) (角川コミックス・エース)","よしだ もろへ","2023年11月27日","UNKNOWN","B00WQJ0P3K"
"いなり、こんこん、恋いろは。(5) (角川コミックス・エース)","よしだ もろへ","2023年11月27日","UNKNOWN","B00BN4V9K2"
"いなり、こんこん、恋いろは。(1) (角川コミックス・エース)","よしだ もろへ","2023年11月27日","UNKNOWN","B0093G5XJK"
"いなり、こんこん、恋いろは。(8) (角川コミックス・エース)","よしだ もろへ","2023年11月27日","UNKNOWN","B00LBPG2YQ"
"いなり、こんこん、恋いろは。(3) (角川コミックス・エース)","よしだ もろへ","2023年11月27日","UNKNOWN","B0093GAE9Y"
"いなり、こんこん、恋いろは。(4) (角川コミックス・エース)","よしだ もろへ","2023年11月27日","UNKNOWN","B00BKVHF92"
"いなり、こんこん、恋いろは。(2) (角川コミックス・エース)","よしだ もろへ","2023年11月27日","UNKNOWN","B0093G5XQI"
"レズ風俗アンソロジー (百合姫コミックス)","焔 すばる, 岩見 樹代子, 大沢 やよい, 片倉 アコ, コダマ ナオコ, ななつ 藤, ましまる, 蓮城 はに","2023年11月27日","READ","B07QVP4TZK"
"レズ風俗アンソロジー リピーター【イラスト特典付】 (百合姫コミックス)","焔 すばる, なもり, 相川 りょう, 井原 リオ, 岩見 樹代子, 川浪 いずみ, せきはら, ななつ 藤, みんたろう","2023年11月27日","READ","B081ZP87TQ"
"レズ風俗アンソロジー プレミアム【イラスト特典付】 (百合姫コミックス)","焔 すばる, なもり, merryhachi, みんたろう, うえした, げしゅまろ, 大沢 やよい, 岩見 樹代子","2023年11月27日","READ","B08P48H141"
"〆切前には百合が捗る 2巻 (デジタル版ビッグガンガンコミックス)","平坂読（GA文庫／ＳＢクリエイティブ刊）, さきだ咲紀, 鈴木マナツ, U35","2023年11月27日","UNKNOWN","B0BGPBTJCF"
"〆切前には百合が捗る 3巻 (デジタル版ビッグガンガンコミックス)","平坂読（GA文庫／ＳＢクリエイティブ刊）, さきだ咲紀, 鈴木マナツ, U35","2023年11月27日","UNKNOWN","B0C6K94DZ7"
"〆切前には百合が捗る 1巻 (デジタル版ビッグガンガンコミックス)","平坂読（GA文庫／ＳＢクリエイティブ刊）, さきだ咲紀, 鈴木マナツ, U35","2023年11月27日","UNKNOWN","B09TKXWHF8"
"マッチングアプリ百合アンソロジー (百合姫コミックス)","吉田 ばな, ヨドカワ, 秋月 かづ, 梅咲 しゃきこ, 瀬尾 みいのすけ, ゆり山, もえきち。, 缶乃","2023年11月25日","READ","B09H6KSDHX"
"隣の席が好きな人だった　学生百合アンソロジー (百合姫コミックス)","ネコ太郎, 樫風, 深海 紺, 毒田 ペパ子, 甘崎 水菓, とこのま, 結川 カズノ, 宮原 都","2023年11月24日","READ","B0CCTPP7YJ"
"アジャイルなチームをつくる ふりかえりガイドブック 始め方・ふりかえりの型・手法・マインドセット","森 一樹","2023年11月24日","UNKNOWN","B08R9J4FQK"
"良いコード／悪いコードで学ぶ設計入門―保守しやすい　成長し続けるコードの書き方","仙塲 大也","2023年11月24日","UNKNOWN","B09Y1MWK9N"
"こんな幼馴染がいてほしい (一迅社ブックス)","おみなえし","2023年11月24日","READ","B0BN15XMD4"
"女ともだちと結婚してみた。: 2【イラスト特典付】 (百合姫コミックス)","雨水 汐","2023年11月24日","READ","B09XTGBGTY"
"女ともだちと結婚してみた。: 1【イラスト特典付】 (百合姫コミックス)","雨水 汐","2023年11月24日","READ","B09G6FKV3R"
"女ともだちと結婚してみた。: 3【イラスト特典付】 (百合姫コミックス)","雨水 汐","2023年11月24日","READ","B0BVLN2HSJ"
"彩純ちゃんはレズ風俗に興味があります！: 3【イラスト特典付】 (百合姫コミックス)","伊月 クロ","2023年11月24日","READ","B0BDY8PPZT"
"彩純ちゃんはレズ風俗に興味があります！: 4【イラスト特典付】 (百合姫コミックス)","伊月 クロ","2023年11月24日","READ","B0C533NDST"
"彩純ちゃんはレズ風俗に興味があります！: 1【カラーイラスト特典付】 (百合姫コミックス)","伊月 クロ","2023年11月24日","READ","B094VF8SPX"
"彩純ちゃんはレズ風俗に興味があります！: 2【イラスト特典付】 (百合姫コミックス)","伊月 クロ","2023年11月24日","READ","B09QC1N6VT"
"コスプレ百合えっちアンソロジー (百合姫コミックス)","雲呑 めお, あおと 響, こじかあんよ, sorani, 名宵, nipi, 日野 アラシ, 三浦 コズミ, 三本 ひより","2023年11月24日","READ","B0BSPJSXZM"
"アジャイルプラクティスガイドブック チームで成果を出すための開発技術の実践知","常松 祐一","2023年11月18日","UNKNOWN","B0C6DDDW5X"
"よふかしのうた（１８） (少年サンデーコミックス)","コトヤマ","2023年11月17日","UNKNOWN","B0CM9D1ZQF"
"失敗しないソフトウエアテスト実践ノウハウ","SHIFT 品質・技術統轄部 技術推進部／品質プラットフォーム推進部","2023年11月8日","READ","B07XYQG793"
"ぼっち・ざ・ろっく！　６巻 (まんがタイムＫＲコミックス)","はまじあき","2023年8月25日","READ","B0C85B1Q2D"
"スーパーの裏でヤニ吸うふたり 3巻通常版 (デジタル版ビッグガンガンコミックス)","地主","2023年8月18日","READ","B0C6KFBZH8"
"完全教祖マニュアル (ちくま新書)","架神恭介, 辰巳一世","2023年7月24日","UNKNOWN","B01IT5TZBM"
"よふかしのうた（１７） (少年サンデーコミックス)","コトヤマ","2023年7月18日","READ","B0C9QDKNB5"
"新装版　殺戮にいたる病 (講談社文庫)","我孫子武丸","2023年7月7日","UNKNOWN","B076Z8GN9X"
"地雷なんですか？地原さん(3) (GANMA!)","りょん","2023年7月6日","READ","B0C8JH4KN2"
"SCRUM BOOT CAMP THE BOOK【増補改訂版】 スクラムチームではじめるアジャイル開発","西村 直人, 永瀬 美穂, 吉羽 龍太郎","2023年6月28日","UNKNOWN","B086GBXRN6"
"ドメイン駆動設計入門 ボトムアップでわかる！ドメイン駆動設計の基本","成瀬 允宣","2023年6月27日","UNKNOWN","B082WXZVPC"
"よふかしのうた（１６） (少年サンデーコミックス)","コトヤマ","2023年6月20日","READ","B0C6F3NFY5"
"武器になる哲学　人生を生き抜くための哲学・思想のキーコンセプト50","山口 周","2023年6月7日","UNKNOWN","B07D3KS4CH"
"生誕の災厄 新装版","E.M. シオラン","2023年4月12日","UNKNOWN","B09784JH57"
"悪童日記","アゴタ クリストフ","2023年3月29日","UNKNOWN","B00O1VK0CW"
"よふかしのうた 公式ファンブック (少年サンデーコミックス)","コトヤマ, キャラメル・ママ","2023年3月25日","READ","B0BPKY7NQ5"
"砂糖菓子の弾丸は撃ちぬけない　Ａ　Ｌｏｌｌｙｐｏｐ　ｏｒ　Ａ　Ｂｕｌｌｅｔ (角川文庫)","桜庭 一樹","2023年3月22日","READ","B009GPM8QO"
"よふかしのうた（１５） (少年サンデーコミックス)","コトヤマ","2023年3月20日","READ","B0BX349LCM"
"ユリゴコロ (双葉文庫)","沼田まほかる","2023年2月28日","UNKNOWN","B00L3XPKO4"
"告白 (双葉文庫)","湊かなえ","2023年2月28日","READ","B087WZ4P2K"
"キドナプキディング　青色サヴァンと戯言遣いの娘 (講談社ノベルス)","西尾維新","2023年2月21日","READ","B0BQR591ZG"
"スーパーの裏でヤニ吸うふたり 2巻 (デジタル版ビッグガンガンコミックス)","地主","2023年1月25日","READ","B0BNKZMFN6"
"地雷なんですか？地原さん(2) (GANMA!)","りょん","2023年1月25日","READ","B0BS65RBF1"
"勇者たち (マンガワンコミックス)","浅野いにお","2022年12月31日","READ","B07JNDRT2R"
"虐殺器官 (ハヤカワ文庫JA)","伊藤 計劃","2022年12月23日","UNKNOWN","B009DEMA02"
"なめらかな世界と、その敵 (ハヤカワ文庫JA)","伴名 練","2022年12月23日","READ","B09XV1NSS4"
"闇の自己啓発","江永 泉, 木澤 佐登志, ひでシス, 役所 暁","2022年12月23日","UNKNOWN","B08T62ZR7M"
"ファイト・クラブ〔新版〕 (ハヤカワ文庫NV)","チャック パラニューク","2022年12月23日","UNKNOWN","B00YGIKDWW"
"楽園追放2.0　楽園残響―Godspeed You― (ハヤカワ文庫JA)","大樹 連司, ニトロプラス／東映アニメーション","2022年12月23日","UNKNOWN","B07797X7Y8"
"ハーモニー (ハヤカワ文庫JA)","伊藤 計劃","2022年12月23日","READ","B009DEMA1Q"
"よふかしのうた（１４） (少年サンデーコミックス)","コトヤマ","2022年12月20日","READ","B0BNN5BZWX"
"ぼっち・ざ・ろっく！　５巻 (まんがタイムＫＲコミックス)","はまじあき","2022年11月26日","READ","B0BKFS7S2B"
"ぼっち・ざ・ろっく！　３巻 (まんがタイムＫＲコミックス)","はまじあき","2022年11月18日","READ","B08V1DDRRR"
"ぼっち・ざ・ろっく！　１巻 (まんがタイムＫＲコミックス)","はまじあき","2022年11月18日","READ","B07N3NRSKF"
"ぼっち・ざ・ろっく！　４巻 (まんがタイムＫＲコミックス)","はまじあき","2022年11月18日","READ","B0B7HTHPVT"
"ぼっち・ざ・ろっく！　２巻 (まんがタイムＫＲコミックス)","はまじあき","2022年11月18日","READ","B0847KVMMS"
"研修ファシリテーションハンドブック","中村文子, ボブ・パイク","2022年10月22日","UNKNOWN","B086MWGFLT"
"地雷なんですか？地原さん(1) (GANMA!)","りょん","2022年9月26日","READ","B0B74WF4MM"
"スーパーの裏でヤニ吸うふたり 1巻 (デジタル版ビッグガンガンコミックス)","地主","2022年9月26日","READ","B0B683NKKV"
"ヤマケイ文庫 働かないアリに意義がある","長谷川 英祐","2022年9月21日","UNKNOWN","B09CYC5JBJ"
"自分の「異常性」に気づかない人たち　病識と否認の心理","西多 昌規","2022年9月17日","UNKNOWN","B01MYU0W2S"
"DARK ALICE (TH COMIC SERIES)","eat","2022年9月16日","READ","B08CXM18NL"
"よふかしのうた（１３） (少年サンデーコミックス)","コトヤマ","2022年9月15日","READ","B0BC8HYNMC"
"よふかしのうた（１２） (少年サンデーコミックス)","コトヤマ","2022年9月10日","READ","B0B5CSB3G2"
"よふかしのうた（１１） (少年サンデーコミックス)","コトヤマ","2022年9月10日","READ","B0B2JS97XK"
"よふかしのうた（１） (少年サンデーコミックス)","コトヤマ","2022年9月10日","READ","B07ZVQTS5L"
"よふかしのうた（１０） (少年サンデーコミックス)","コトヤマ","2022年9月10日","READ","B09RMRT3K8"
"よふかしのうた（３） (少年サンデーコミックス)","コトヤマ","2022年9月10日","READ","B086PTV1GN"
"よふかしのうた（２） (少年サンデーコミックス)","コトヤマ","2022年9月10日","READ","B084HF583J"
"よふかしのうた（９） (少年サンデーコミックス)","コトヤマ","2022年9月10日","READ","B09KTV1NZ8"
"よふかしのうた（７） (少年サンデーコミックス)","コトヤマ","2022年9月10日","READ","B091534MBR"
"よふかしのうた（４） (少年サンデーコミックス)","コトヤマ","2022年9月10日","READ","B08FDGZ54S"
"よふかしのうた（５） (少年サンデーコミックス)","コトヤマ","2022年9月10日","READ","B08KJ56L8V"
"よふかしのうた（６） (少年サンデーコミックス)","コトヤマ","2022年9月10日","READ","B08R9XW4Z3"
"よふかしのうた（８） (少年サンデーコミックス)","コトヤマ","2022年9月10日","READ","B097Y24N1J"
"22世紀の民主主義　選挙はアルゴリズムになり、政治家はネコになる (SB新書)","成田 悠輔","2022年9月6日","UNKNOWN","B0B2JB33TN"
"Docker/Kubernetes 実践コンテナ開発入門","山田 明憲","2022年9月6日","UNKNOWN","B07GP1Q3VT"
"アジャイルサムライ――達人開発者への道","ＪｏｎａｔｈａｎＲａｓｍｕｓｓｏｎ, 西村直人, 角谷信太郎","2022年9月2日","READ","B00J1XKB6K"
"エンジニアのためのGitの教科書［上級編］ Git内部の仕組みを理解する","河村聖悟","2022年8月19日","UNKNOWN","B01AAIN85K"
"がんばりすぎるあなたへ　完璧主義を健全な習慣に変える方法","ジェフ・ シマンスキー","2022年7月28日","UNKNOWN","B00GIHQOE0"
"承認欲求女子図鑑 ～SNSで出会ったヤバい女子たち～","にゃるら","2022年7月15日","READ","B08M39G7TG"
"自殺について 哲学文庫","ショーペンハウアー","2022年6月11日","READ","B00SPX3IFS"
"生まれてこないほうが良かったのか？ ――生命の哲学へ！ (筑摩選書)","森岡正博","2022年6月11日","UNKNOWN","B08W4X9KHX"